-- phpMyAdmin SQL Dump
-- version 4.9.1
-- https://www.phpmyadmin.net/
--
-- Máy chủ: 127.0.0.1
-- Thời gian đã tạo: Th7 29, 2020 lúc 01:25 PM
-- Phiên bản máy phục vụ: 10.4.8-MariaDB
-- Phiên bản PHP: 7.3.11

SET SQL_MODE = "NO_AUTO_VALUE_ON_ZERO";
SET AUTOCOMMIT = 0;
START TRANSACTION;
SET time_zone = "+00:00";


/*!40101 SET @OLD_CHARACTER_SET_CLIENT=@@CHARACTER_SET_CLIENT */;
/*!40101 SET @OLD_CHARACTER_SET_RESULTS=@@CHARACTER_SET_RESULTS */;
/*!40101 SET @OLD_COLLATION_CONNECTION=@@COLLATION_CONNECTION */;
/*!40101 SET NAMES utf8mb4 */;

--
-- Cơ sở dữ liệu: `qlbc`
--

-- --------------------------------------------------------

--
-- Cấu trúc bảng cho bảng `categories`
--

CREATE TABLE `categories` (
  `CatID` int(11) NOT NULL,
  `CatName` varchar(50) COLLATE utf8_unicode_ci NOT NULL,
  `Field` varchar(50) COLLATE utf8_unicode_ci NOT NULL
) ENGINE=InnoDB DEFAULT CHARSET=utf8 COLLATE=utf8_unicode_ci;

--
-- Đang đổ dữ liệu cho bảng `categories`
--

INSERT INTO `categories` (`CatID`, `CatName`, `Field`) VALUES
(1, 'Tuyển Sinh', 'Giáo Dục'),
(2, 'Du Học', 'Giáo Dục'),
(3, 'Champion Leage', 'Thể Thao'),
(4, 'Laliga', 'Thể Thao'),
(5, 'Công Nghiệp', 'Kinh Doanh'),
(6, 'Nông nghiệp', 'Kinh Doanh'),
(7, 'Hồ Sơ Phá Án', 'Pháp Luật'),
(8, 'Tư Vấn', 'Pháp Luật'),
(9, 'Nhà', 'Đời Sống'),
(10, 'Life Hack', 'Đời Sống'),
(11, 'Phụ Nữ', 'Sức Khỏe'),
(12, 'Đàn Ông', 'Sức Khỏe');

-- --------------------------------------------------------

--
-- Cấu trúc bảng cho bảng `comment`
--

CREATE TABLE `comment` (
  `CommentID` int(11) NOT NULL,
  `Content` varchar(200) COLLATE utf8_unicode_ci NOT NULL,
  `Time` varchar(50) COLLATE utf8_unicode_ci NOT NULL,
  `PostID` int(10) NOT NULL,
  `UserName` varchar(50) COLLATE utf8_unicode_ci NOT NULL
) ENGINE=InnoDB DEFAULT CHARSET=utf8 COLLATE=utf8_unicode_ci;

--
-- Đang đổ dữ liệu cho bảng `comment`
--

INSERT INTO `comment` (`CommentID`, `Content`, `Time`, `PostID`, `UserName`) VALUES
(1, 'Comment from user 3 firstime', '2020-07-22 07:33:08', 1, 'vansang'),
(2, 'comment 2', '2020-07-24 18:05:48', 1, 'Sang Sama'),
(3, 'có không', '0000-00-00 00:00:00', 7, '[object Object]'),
(4, 'sda', '0000-00-00 00:00:00', 7, '[object Object]'),
(5, 'deo tin', '0000-00-00 00:00:00', 7, '[object Object]'),
(6, 'that', '0000-00-00 00:00:00', 7, '[object Object]'),
(7, 'lai deo tin', '0000-00-00 00:00:00', 7, '[object Object]'),
(8, 'taht', '0000-00-00 00:00:00', 7, '[object Object]'),
(9, 'asffwwwad', '0000-00-00 00:00:00', 7, 'sang'),
(10, 'hehe', '0000-00-00 00:00:00', 7, 'sang'),
(11, 'asdsad', '0000-00-00 00:00:00', 7, 'sang'),
(12, 'asgfwwew', '1595594848227', 7, 'sang'),
(13, 'sang', '7/24/2020, 7:48:17 PM', 7, 'sang'),
(14, 'lol que', '7/24/2020, 7:48:51 PM', 6, 'sang'),
(15, 'lojg', '7/25/2020, 11:16:07 AM', 10, 'wt001'),
(16, 'efwqeasd', '7/26/2020, 5:08:55 PM', 7, 'wt001'),
(17, 'rqwascw', '7/26/2020, 5:09:00 PM', 7, 'wt001'),
(18, 'conf', '7/28/2020, 7:44:19 AM', 33, 'user001');

-- --------------------------------------------------------

--
-- Cấu trúc bảng cho bảng `division`
--

CREATE TABLE `division` (
  `category` int(10) NOT NULL,
  `UserID` int(10) NOT NULL,
  `ID` int(11) NOT NULL
) ENGINE=InnoDB DEFAULT CHARSET=utf8 COLLATE=utf8_unicode_ci;

--
-- Đang đổ dữ liệu cho bảng `division`
--

INSERT INTO `division` (`category`, `UserID`, `ID`) VALUES
(12, 9, 1),
(1, 9, 2),
(3, 9, 3);

-- --------------------------------------------------------

--
-- Cấu trúc bảng cho bảng `field`
--

CREATE TABLE `field` (
  `FieldID` int(10) UNSIGNED NOT NULL,
  `Fieldname` varchar(50) COLLATE utf8_unicode_ci NOT NULL
) ENGINE=InnoDB DEFAULT CHARSET=utf8 COLLATE=utf8_unicode_ci;

--
-- Đang đổ dữ liệu cho bảng `field`
--

INSERT INTO `field` (`FieldID`, `Fieldname`) VALUES
(1, 'Kinh Doanh'),
(2, 'Thể Thao'),
(3, 'Giáo Dục'),
(4, 'Pháp Luật'),
(5, 'Sức Khỏe');

-- --------------------------------------------------------

--
-- Cấu trúc bảng cho bảng `posts`
--

CREATE TABLE `posts` (
  `PostID` int(11) NOT NULL,
  `Title` varchar(200) COLLATE utf8_unicode_ci NOT NULL,
  `Category` varchar(50) COLLATE utf8_unicode_ci NOT NULL,
  `Content` varchar(5000) COLLATE utf8_unicode_ci NOT NULL,
  `Imagelink` varchar(150) COLLATE utf8_unicode_ci NOT NULL,
  `Conf` int(11) NOT NULL,
  `Status` int(11) NOT NULL,
  `Date` date NOT NULL,
  `UserID` int(20) NOT NULL,
  `Tinycontent` varchar(100) COLLATE utf8_unicode_ci NOT NULL,
  `Premium` int(10) NOT NULL,
  `Note` varchar(100) COLLATE utf8_unicode_ci DEFAULT NULL
) ENGINE=InnoDB DEFAULT CHARSET=utf8 COLLATE=utf8_unicode_ci;

--
-- Đang đổ dữ liệu cho bảng `posts`
--

INSERT INTO `posts` (`PostID`, `Title`, `Category`, `Content`, `Imagelink`, `Conf`, `Status`, `Date`, `UserID`, `Tinycontent`, `Premium`, `Note`) VALUES
(1, 'Chàng trai vào rừng tự xây nhà bằng gỗ và rơm', '1', 'Kris Harbour mua một mảnh đất trong rừng trên eBay sau đó rời bỏ London về đó tự xây lên căn nhà gỗ, trát đất sét trộn rơm với chi phí khoảng 5.000 USD., theo Better Homes and Gardens', 'https://r-cf.bstatic.com/images/hotel/max1024x768/114/114552461.jpg', 10, 1, '2020-07-19', 3, 'Kris Harbour mua một mảnh đất ', 1, 'xcwasc'),
(2, 'Cách hội đồng tuyển sinh đại học Mỹ đánh giá ứng viên', '2', 'Hầu hết học sinh ứng tuyển vào các trường đại học Mỹ đều thắc mắc \"Nhà tuyển sinh mong muốn điều gì ở ứng viên?\". Dưới đây là danh sách những điều các nhà tuyển sinh đại học Mỹ thường không tiết lộ trong lá thư chấp thuận hoặc từ chối ứng viên.', 'data:image/jpeg;base64,/9j/4AAQSkZJRgABAQAAAQABAAD/2wCEAAkGBxISEhUSEhIVFRUXFRUVFRUVFRUVFxcXFRUXFhUVFxUYHSggGBomHRUVITEhJSkrLi4uFx8zODMtNygtLisBCgoKDg0', 5, 0, '2020-06-16', 3, 'Hầu hết học sinh ứng tuyển vào các trường', 0, NULL),
(3, 'Du học sinh trút bỏ nỗi lo bị trục xuất khỏi Mỹ', '2', '16h ngày 14/7 (giờ Mỹ), Nguyễn Thị Thiên Kim cười lớn khi đọc tin Nhà Trắng hủy kế hoạch trục xuất du học sinh nếu học online 100% vào kỳ mùa thu tới.', 'https://megastudy.edu.vn/upload/tinymce/du-hoc-trung-hoc-my-bang-Massachusetts.jpg', 6, 0, '2020-12-07', 3, '16h ngày 14/7 (giờ Mỹ), Nguyễn Thị Thiên Kim ', 0, NULL),
(4, '7 biến thể hít đất', '12', 'Bài hít đất từ dễ đến khó được xây dựng để tăng sức mạnh và cơ bắp toàn thân, cải thiện vóc dáng mà không cần đến phòng tập', 'https://lh3.googleusercontent.com/proxy/vjm6jNAB1200p_ATKZm8oSZSdwMHSdcD-Ov2LcozGTmtaZP_Nfg99037VsIj3Mx9kyy8PNl6g4fY1I1DnNdsUPNeBcmuYCwmMSpdmBo', 22, 0, '2020-07-15', 3, 'Bài hít đất từ dễ đến khó được', 0, NULL),
(5, 'Chàng béo lột xác sau hai năm tập thể hình', '12', 'Tháng 8 tới, Quyền sẽ tham gia giải đấu thể hình toàn quốc. Anh dành toàn bộ thời gian ở phòng tập, siết cơ kết hợp chế độ dinh dưỡng khắt khe để có cơ bắp đẹp nhất', 'https://www.elleman.vn/wp-content/uploads/2018/03/28/t%E1%BA%ADp-h%C3%ADt-%C4%91%E1%BA%A5t-elle-man-feature.jpg', 2, 0, '2020-02-07', 3, 'Tháng 8 tới', 0, NULL),
(6, 'Ưu điểm của công nghệ trồng răng Implant bắt vít', '10', 'Mất răng không chỉ ảnh hưởng đến chức năng ăn nhai mà còn gây mất thẩm mỹ. Hiện nay, có nhiều phương pháp giúp phục hình hàm răng đều cho mọi lứa tuổi, trong đó có trồng răng Implant. Đại diện nha khoa Singae cho biết, nhiều khách hàng có độ tuổi khác nhau, có các bệnh nền như tiểu đường, huyết áp, tim mạch đều lấy lại chức năng ăn nhai tốt nhờ trồng răng Implant', 'https://vinmec-prod.s3.amazonaws.com/images/20190823_001211_019860_tre-bi-sau-rang.max-800x800.jpg', 11, 0, '2020-12-07', 3, 'Mất răng không chỉ ảnh hưởng ', 0, NULL),
(7, 'Phương Anh Idol tiết lộ bí quyết giảm 50 kg', '11', 'Phương Anh giảm được 50 kg, hình thể thon gọn nhờ các chuyên gia Thẩm mỹ viện Ngọc Dung lên liệu trình giảm mỡ riêng và dặn dò mỗi ngày.\r\nMới đây, Phương Anh Idol gây chú ý khi khoe ảnh giảm 50 kg và tự tin diện trang phục ôm dáng. Đa số khán giả khen cô khác biệt, xinh đẹp hơn nhiều.', 'https://cafebiz.cafebizcdn.vn/thumb_w/600/2019/7/18/ngctrinhxxxxxleke-1563468383713667838850-crop-1563468392003748039319.jpg-crop-15634683920037480393', 2, 0, '2020-07-14', 3, 'Phương Anh giảm được 50 kg, hình thể', 0, NULL),
(10, 'Klopp: \'Lampard còn phải học nhiều\'', '3', '<p class=\"description\">HLV Jurgen Klopp bất b&igrave;nh khi đồng nghiệp b&ecirc;n ph&iacute;a Chelsea Frank Lampard tu&ocirc;n ra những nhận x&eacute;t hiềm kh&iacute;ch nhắm v&agrave;o Liverpool.</p>\r\n<article class=\"fck_detail \">\r\n<p class=\"Normal\">\"Lampard đ&atilde; đ&aacute;nh v&agrave;o t&ocirc;i hoặc một thứ g&igrave; đ&oacute; đại loại như vậy. C&aacute;c trợ l&yacute; của t&ocirc;i cũng c&oacute; cảm gi&aacute;c ấy. Bởi ch&uacute;ng t&ocirc;i kh&ocirc;ng hề ki&ecirc;u ngạo\", Klopp n&oacute;i trong buổi họp b&aacute;o trước v&ograve;ng cuối Ngoại hạng Anh. \"Lampard rất gi&agrave;u t&iacute;nh chiến đấu v&agrave; t&ocirc;i ngưỡng mộ điều ấy. Theo quan điểm của t&ocirc;i, bạn c&oacute; thể n&oacute;i thoải m&aacute;i trong những t&igrave;nh huống như vậy. Nhưng sau trận, mọi thứ cần chấm dứt. T&ocirc;i cũng từng n&oacute;i rất nhiều trước đ&acirc;y, dựa tr&ecirc;n cảm x&uacute;c thuần t&uacute;y, v&agrave; Lampard c&oacute; lẽ cũng vậy. &Ocirc;ng ấy đến Anfield để chiến thắng, hoặc ch&iacute; &iacute;t l&agrave; gi&agrave;nh một điểm h&ograve;ng giữ suất dự Champions League. T&ocirc;i t&ocirc;n trọng điều đ&oacute;. Nhưng r&otilde; r&agrave;ng Lampard phải học c&aacute;ch kết th&uacute;c mọi thứ tr&ecirc;n s&acirc;n, sau tiếng c&ograve;i m&atilde;n cuộc\".</p>\r\n<figure class=\"tplCaption action_thumb_added\" data-size=\"true\">\r\n<div class=\"action_thumb flexbox\">&nbsp;</div>\r\n<div class=\"fig-picture\"><picture data-inimage=\"done\"><source srcset=\"https://i1-thethao.vnecdn.net/2020/07/25/31085588-8556873-Jurgen-Klopp-1600-4953-1595624325.jpg?w=680&amp;h=0&amp;q=100&amp;dpr=1&amp;fit=crop&amp;s=7_1-8AB3gBqnkSjIgl1Cgw 1x, https://i1-thethao.vnecdn.net/2020/07/25/31085588-8556873-Jurgen-Klopp-1600-4953-1595624325.jpg?w=1020&amp;h=0&amp;q=100&amp;dpr=1&amp;fit=crop&amp;s=f-1gCM3Xgxu1yH4ud8HJ2A 1.5x, https://i1-thethao.vnecdn.net/2020/07/25/31085588-8556873-Jurgen-Klopp-1600-4953-1595624325.jpg?w=680&amp;h=0&amp;q=100&amp;dpr=2&amp;fit=crop&amp;s=jaWlcPKLXHOVxE5_WL6jhw 2x\" data-srcset=\"https://i1-thethao.vnecdn.net/2020/07/25/31085588-8556873-Jurgen-Klopp-1600-4953-1595624325.jpg?w=680&amp;h=0&amp;q=100&amp;dpr=1&amp;fit=crop&amp;s=7_1-8AB3gBqnkSjIgl1Cgw 1x, https://i1-thethao.vnecdn.net/2020/07/25/31085588-8556873-Jurgen-Klopp-1600-4953-1595624325.jpg?w=1020&amp;h=0&amp;q=100&amp;dpr=1&amp;fit=crop&amp;s=f-1gCM3Xgxu1yH4ud8HJ2A 1.5x, https://i1-thethao.vnecdn.net/2020/07/25/31085588-8556873-Jurgen-Klopp-1600-4953-1595624325.jpg?w=680&amp;h=0&amp;q=100&amp;dpr=2&amp;fit=crop&amp;s=jaWlcPKLXHOVxE5_WL6jhw 2x\" /><img class=\"lazy lazied\" src=\"https://i1-thethao.vnecdn.net/2020/07/25/31085588-8556873-Jurgen-Klopp-1600-4953-1595624325.jpg?w=680&amp;h=0&amp;q=100&amp;dpr=1&amp;fit=crop&amp;s=7_1-8AB3gBqnkSjIgl1Cgw\" alt=\"Klopp ra dấu cho Lampard b&igrave;nh tĩnh khi c&atilde;i v&atilde; nổ ra tối 22/7. Ảnh: AP.\" loading=\"lazy\" data-src=\"https://i1-thethao.vnecdn.net/2020/07/25/31085588-8556873-Jurgen-Klopp-1600-4953-1595624325.jpg?w=680&amp;h=0&amp;q=100&amp;dpr=1&amp;fit=crop&amp;s=7_1-8AB3gBqnkSjIgl1Cgw\" data-ll-status=\"loaded\" /></picture>\r\n<div class=\"embed-container\">&nbsp;</div>\r\n</div>\r\n<figcaption>\r\n<p class=\"Image\">Klopp ra dấu cho Lampard b&igrave;nh tĩnh khi c&atilde;i v&atilde; nổ ra tối 22/7. Ảnh:&nbsp;<em>AP.</em></p>\r\n</figcaption>\r\n</figure>\r\n<p class=\"Normal\">Cuối hiệp một trận&nbsp;<a href=\"https://vnexpress.net/liverpool-ha-chelsea-trong-tran-cau-tam-ban-4134600.html\" rel=\"dofollow\">Liverpool gặp Chelsea</a>&nbsp;tại v&ograve;ng 37 Ngoại hạng Anh h&ocirc;m 22/7, Lampard kh&ocirc;ng h&agrave;i l&ograve;ng khi Mateo Kovacic bị thổi phạt sau pha va chạm với Sadio Mane. &Ocirc;ng ph&agrave;n n&agrave;n với trọng t&agrave;i thứ tư, v&agrave; lời qua tiếng lại với một số th&agrave;nh vi&ecirc;n ban huấn luyện Liverpool. Trong l&uacute;c bực tức,&nbsp;<a href=\"https://vnexpress.net/lampard-vang-tuc-truoc-mat-klopp-4135169.html\" rel=\"dofollow\">Lampard tu&ocirc;n ra những từ ngữ tục tĩu</a>&nbsp;v&agrave; cho rằng Liverpool qu&aacute; ki&ecirc;u ngạo d&ugrave; mới một lần đăng quang Ngoại hạng Anh. Đứng ở ph&iacute;a đối diện, Klopp li&ecirc;n tục ra hiệu đề nghị đồng nghiệp b&igrave;nh tĩnh.</p>\r\n</article>', 'https://i.ibb.co/fDPrpbQ/31085588-8556873-Jurgen-Klopp-1600-4953-1595624325.jpg', 0, 0, '0000-00-00', 8, 'HLV Jurgen Klopp bất bình khi đồng nghiệp bên phía Chelsea Frank Lampard tuôn ra những nhận xét hiềm', 1, NULL),
(21, 'Tranh giành 23 sổ đỏ trong vụ án Trầm Bê', '7', '<p class=\"description\">&Ocirc;ng Trầm B&ecirc;, Dương Thanh Cường, Sacombank, Agribank đều muốn d&ugrave;ng hơn 10 ha đất ở huyện B&igrave;nh Ch&aacute;nh (trị gi&aacute; hơn 1.000 tỷ) để khắc phục hậu quả vụ &aacute;n.</p>\r\n<article class=\"fck_detail \">\r\n<p class=\"Normal\">Ng&agrave;y 24/7, phi&ecirc;n x&eacute;t xử Trầm B&ecirc; (61 tuổi, cựu Ph&oacute; chủ tịch HĐQT Ng&acirc;n h&agrave;ng Phương Nam, đ&atilde; s&aacute;p nhập v&agrave;o Sacombank) v&agrave; đồng phạm về tội&nbsp;<em>Vi phạm quy định về cho vay trong hoạt động của c&aacute;c tổ chức t&iacute;n dụng</em><em>&nbsp;</em>tiếp tục với phần x&eacute;t hỏi.</p>\r\n<p class=\"Normal\">Trả lời HĐXX, Dương Thanh Cường (nguy&ecirc;n Tổng gi&aacute;m đốc C&ocirc;ng ty CPXD TM B&igrave;nh Ph&aacute;t, chủ mưu trong vụ &aacute;n) cho rằng, mục đ&iacute;ch của m&igrave;nh khi d&ugrave;ng 23 giấy chứng nhận quyền sử dụng đất (10,3 ha) tại huyện B&igrave;nh Ch&aacute;nh<em>&nbsp;</em>l&agrave; nhằm vay vốn đầu tư v&agrave;o bất động sản, chứ kh&ocirc;ng phải để thực hiện dự &aacute;n tr&ecirc;n ch&iacute;nh khu đất n&agrave;y. L&uacute;c mua đất, bị c&aacute;o kh&ocirc;ng biết khu n&agrave;y nằm trong quy hoạch, đến khi được cấp giấy chứng nhận quyền sử dụng đất mới ph&aacute;t hiện.</p>\r\n<p class=\"Normal\">Đến năm 2010, bị c&aacute;o đ&atilde; tất to&aacute;n với Ng&acirc;n h&agrave;ng Phương Nam số tiền l&agrave; 331 tỷ đồng gồm cả gốc v&agrave; l&atilde;i bằng việc g&aacute;n 23 giấy chứng nhận quyền sử dụng đất. Bị c&aacute;o kh&ocirc;ng đồng &yacute; với c&aacute;o buộc g&acirc;y thiệt hại 505 tỷ đồng.</p>\r\n<p class=\"Normal\">Cường cho rằng, gi&aacute; trị của 10,3 ha đất đang thế chấp tại ng&acirc;n h&agrave;ng Phương Nam hiện c&oacute; gi&aacute; hơn 1.000 tỷ đồng. Bị c&aacute;o đề nghị cơ quan chức năng cho ph&eacute;p c&ugrave;ng cơ quan thi h&agrave;nh &aacute;n ph&aacute;t m&atilde;i to&agrave;n bộ khu đất để trả nợ cho Agribank v&agrave; Sacombank.</p>\r\n<p class=\"Normal\">Được x&aacute;c định l&agrave; bị hại trong vụ &aacute;n, đại diện Ng&acirc;n h&agrave;ng Sacombank cho biết, năm 2015, khi Ng&acirc;n h&agrave;ng Phương Nam s&aacute;p nhập c&oacute; tiếp nhận khoản nợ của c&ocirc;ng ty của Dương Thanh Cường. Ph&iacute;a ng&acirc;n h&agrave;ng đồng &yacute; với số tiền thiệt hại được n&ecirc;u trong c&aacute;o trạng, đồng thời y&ecirc;u cầu c&aacute;c bị c&aacute;o phải c&oacute; tr&aacute;ch nhiệm li&ecirc;n đới bồi thường.</p>\r\n<p class=\"Normal\">Đặc biệt, Sacombank cũng đề nghị HĐXX giao 23 giấy chứng nhận quyền sử dụng đất cho ng&acirc;n h&agrave;ng để giải quyết hậu quả của vụ &aacute;n. Đại diện Sacombank xin t&ograve;a xem x&eacute;t giảm nhẹ tr&aacute;ch nhiệm h&igrave;nh sự cho &ocirc;ng B&ecirc; v&agrave; c&aacute;c bị c&aacute;o nguy&ecirc;n l&agrave; nh&acirc;n vi&ecirc;n Ng&acirc;n h&agrave;ng Phương Nam v&igrave; họ phạm tội kh&ocirc;ng v&igrave; động cơ tư lợi...</p>\r\n<p class=\"Normal\">L&agrave; đơn vị&nbsp;<em>c&oacute; quyền, nghĩa vụ li&ecirc;n quan</em>, đại diện Ng&acirc;n h&agrave;ng Agribank kh&ocirc;ng đồng &yacute; giao 23 sổ đỏ cho Sacombank. Đại diện Agribank cho rằng, Dương Thanh Cường đang phải thi h&agrave;nh bản &aacute;n trả cho ng&acirc;n h&agrave;ng hơn 1.000 tỷ đồng, to&agrave; cần giải tỏa k&ecirc; bi&ecirc;n v&agrave; giao 23 sổ đỏ cho Agribank xử l&yacute;.</p>\r\n<p class=\"Normal\">Tại t&ograve;a h&ocirc;m nay, &ocirc;ng Trầm B&ecirc; tiếp tục đề nghị được trả khoản nợ của Cường tại Agribank v&agrave; giao 23 sổ đỏ cho Sacombank để khắc phục hậu quả vụ &aacute;n. \"Nếu được chấp thuận, trong v&ograve;ng 15 ng&agrave;y t&ocirc;i sẽ trả tiền ngay\", &ocirc;ng B&ecirc; n&oacute;i.</p>\r\n<p class=\"Normal\">Trước đ&oacute;, trả lời HĐXX, c&aacute;c bị c&aacute;o nguy&ecirc;n l&agrave; c&aacute;n bộ, nh&acirc;n vi&ecirc;n Ng&acirc;n h&agrave;ng Phương Nam thừa nhận sai phạm trong việc ph&ecirc; duyệt cho c&ocirc;ng ty của Cường vay v&agrave; đề nghị t&ograve;a xem x&eacute;t lại về số tiền thiệt hại.</p>\r\n<p class=\"Normal\">Ri&ecirc;ng bị c&aacute;o&nbsp;<strong>Trầm Viết Trung</strong>&nbsp;(gi&aacute;m đốc trung t&acirc;m x&eacute;t duyệt t&iacute;n dụng) k&ecirc;u oan, cho rằng hợp đồng đầu ti&ecirc;n Ng&acirc;n h&agrave;ng Phương Nam giải ng&acirc;n cho c&ocirc;ng ty của Dương Thanh Cường đ&atilde; thực hiện theo đ&uacute;ng quy định của ph&aacute;p luật, với đầy đủ c&aacute;c điều kiện về t&agrave;i sản bảo đảm v&agrave; quản l&yacute; rủi ro. Hợp đồng n&agrave;y đ&atilde; được tất to&aacute;n, ng&acirc;n h&agrave;ng kh&ocirc;ng xảy ra thiệt hại.</p>\r\n</article>', 'https://i1-vnexpress.vnecdn.net/2020/07/24/tram-be-2913-1595590819.jpg?w=1020&h=0&q=100&dpr=1&fit=crop&s=c0fi-BgmmwEJSu9n76mfSA', 0, 0, '0000-00-00', 8, 'Ông Trầm Bê, Dương Thanh Cường, Sacombank, Agribank đều muốn dùng hơn 10 ha đất ở huyện Bình Chánh (', 1, NULL),
(22, 'Máy bay Concorde – Từ kỳ quan tới thảm họa thương mại', '5', '<p>Nhờ c&ocirc;ng nghệ si&ecirc;u thanh, Concorde từng được giới h&agrave;ng kh&ocirc;ng v&iacute; l&agrave; \"kỳ quan thứ 8\" nhưng những ngợi ca kh&ocirc;ng đủ gi&uacute;p n&oacute; c&oacute; v&ograve;ng đời may mắn.</p>\r\n<p class=\"Normal\">Ng&agrave;y n&agrave;y đ&uacute;ng 20 năm trước, 25/7/2000, một chiếc Concorde rơi ở Paris khiến 113 người tử vong. Nhưng vụ tai nạn chỉ l&agrave; một phần trong chuỗi thảm hoạ của m&aacute;y bay si&ecirc;u thanh thương mại đầu ti&ecirc;n v&agrave; duy nhất của thế giới. Với tốc độ tối đa 2.200km/h, gấp hơn hai lần phi cơ phổ th&ocirc;ng, n&oacute; gi&uacute;p tiết kiệm thời gian đ&aacute;ng kể tr&ecirc;n những đường bay trọng yếu giữa Mỹ v&agrave; ch&acirc;u &Acirc;u.</p>\r\n<p class=\"Normal\"><strong>Lận đận từ khi ra đời</strong></p>\r\n<p class=\"Normal\">Concorde kh&ocirc;ng hề được chế tạo c&oacute; chủ đ&iacute;ch m&agrave; l&agrave; kết quả hợp t&aacute;c bất ngờ giữa Anh v&agrave; Ph&aacute;p. V&agrave;o thập ni&ecirc;n 60, c&ocirc;ng ty BAC của Anh v&agrave; tập đo&agrave;n Ph&aacute;p Sud Aviation đều nghi&ecirc;n cứu chế tạo m&aacute;y si&ecirc;u thanh v&agrave; cả hai đều gặp kh&oacute;. Ph&iacute;a Ph&aacute;p gặp kh&oacute; khi kh&ocirc;ng c&oacute; động cơ đủ mạnh, người Anh lại nắm c&ocirc;ng nghệ động cơ đ&aacute;p ứng được nhu cầu v&agrave; cũng tỏ ra thiện ch&iacute; trước viễn cảnh hai b&ecirc;n c&ugrave;ng sản xuất chung một chiếc phi cơ. Ch&iacute;nh sự li&ecirc;n doanh n&agrave;y g&acirc;y ra một loạt rắc rối sau đ&oacute;.</p>\r\n<figure class=\"tplCaption action_thumb_added\" data-size=\"true\">\r\n<div class=\"fig-picture\"><picture><source srcset=\"https://i1-kinhdoanh.vnecdn.net/2020/07/25/Picture2-1360-1595638107.png?w=680&amp;h=0&amp;q=100&amp;dpr=1&amp;fit=crop&amp;s=OD_8nw4MRSx_oZ_hK9NOZw 1x, https://i1-kinhdoanh.vnecdn.net/2020/07/25/Picture2-1360-1595638107.png?w=1020&amp;h=0&amp;q=100&amp;dpr=1&amp;fit=crop&amp;s=2CQRMCDym5f_774GeJxZkg 1.5x, https://i1-kinhdoanh.vnecdn.net/2020/07/25/Picture2-1360-1595638107.png?w=680&amp;h=0&amp;q=100&amp;dpr=2&amp;fit=crop&amp;s=sBvWJQbEQ_6M1HB62ov1Ww 2x\" data-srcset=\"https://i1-kinhdoanh.vnecdn.net/2020/07/25/Picture2-1360-1595638107.png?w=680&amp;h=0&amp;q=100&amp;dpr=1&amp;fit=crop&amp;s=OD_8nw4MRSx_oZ_hK9NOZw 1x, https://i1-kinhdoanh.vnecdn.net/2020/07/25/Picture2-1360-1595638107.png?w=1020&amp;h=0&amp;q=100&amp;dpr=1&amp;fit=crop&amp;s=2CQRMCDym5f_774GeJxZkg 1.5x, https://i1-kinhdoanh.vnecdn.net/2020/07/25/Picture2-1360-1595638107.png?w=680&amp;h=0&amp;q=100&amp;dpr=2&amp;fit=crop&amp;s=sBvWJQbEQ_6M1HB62ov1Ww 2x\" /><img class=\"lazy lazied\" src=\"https://i1-kinhdoanh.vnecdn.net/2020/07/25/Picture2-1360-1595638107.png?w=680&amp;h=0&amp;q=100&amp;dpr=1&amp;fit=crop&amp;s=OD_8nw4MRSx_oZ_hK9NOZw\" alt=\"Nguy&ecirc;n mẫu thử nghiệm của Concorde. Ảnh: Wiki.\" loading=\"lazy\" data-src=\"https://i1-kinhdoanh.vnecdn.net/2020/07/25/Picture2-1360-1595638107.png?w=680&amp;h=0&amp;q=100&amp;dpr=1&amp;fit=crop&amp;s=OD_8nw4MRSx_oZ_hK9NOZw\" data-ll-status=\"loaded\" /></picture></div>\r\n<figcaption>\r\n<p class=\"Image\">Nguy&ecirc;n mẫu thử nghiệm của Concorde. Ảnh:&nbsp;<em>Wiki.</em></p>\r\n</figcaption>\r\n</figure>\r\n<p class=\"Normal\">Hai b&ecirc;n sớm xảy ra bất đồng. Một kỹ sư đại diện ph&iacute;a Ph&aacute;p l&agrave; cựu phi c&ocirc;ng l&aacute;i m&aacute;y bay trinh s&aacute;t n&ecirc;n đ&atilde; mắc bệnh nghề nghiệp khi cố gắng đưa v&agrave;o buồng l&aacute;i m&agrave;n h&igrave;nh hiển thị bản đồ di chuyển - thiết bị thiết yếu đối với phi cơ do th&aacute;m. Trong khi Anh kịch liệt phản đối thiết bị n&agrave;y với l&yacute; do Concorde l&agrave; m&aacute;y bay thương mại v&agrave; hoạt động tr&ecirc;n biển l&agrave; chủ yếu.</p>\r\n<p class=\"Normal\">Giai đoạn thử nghiệm ban đầu cũng gặp trở ngại. Chỉ c&oacute; hai buồng l&aacute;i giả lập, một đặt tại Ph&aacute;p, một tại Anh nhưng m&agrave;n h&igrave;nh trong hệ thống ở Anh chất lượng thấp n&ecirc;n kh&ocirc;ng m&ocirc; phỏng được mọi t&igrave;nh huống. Do vậy, trước khi n&oacute; được n&acirc;ng cấp, phi c&ocirc;ng Anh phải \"tập trận\" bằng m&aacute;y bay thật. Điều n&agrave;y rất tốn thời gian v&igrave; phải phụ thuộc thời tiết, cũng như ph&iacute; tiền của, c&ocirc;ng sức do phi c&ocirc;ng cần tập c&aacute;c t&igrave;nh huống phức tạp như hạ c&aacute;nh khi bị hỏng 1 hoặc 2 động cơ. Nhưng sau tất cả c&aacute;c thử nghiệm, Concorde đ&atilde; l&agrave;m n&ecirc;n lịch sử bằng việc trở th&agrave;nh m&aacute;y bay si&ecirc;u thanh thương mại duy nhất trong ng&agrave;nh h&agrave;ng kh&ocirc;ng.</p>', 'https://i1-kinhdoanh.vnecdn.net/2020/07/25/Picture1-2441-1595638107.png?w=0&h=0&q=100&dpr=2&fit=crop&s=mx6y4yzOCl0VecASQhox-Q', 0, 2, '0000-00-00', 8, 'Nhờ công nghệ siêu thanh, Concorde từng được giới hàng không ví là \"kỳ quan thứ 8\" nhưng những ngợi ', 1, NULL),
(23, '95 Sức khỏeTin tứcThứ bảy, 25/7/2020, 11:23 (GMT+7) Người nghi nhiễm ở Đà Nẵng được ghi nhận là \'bệnh nhân 416\'', '1', '<p class=\"description\">Kết quả x&eacute;t nghiệm lần thứ 5 bệnh nh&acirc;n 57 tuổi ở Đ&agrave; Nẵng, được Viện Vệ sinh dịch tễ Trung ương s&aacute;ng nay khẳng định nhiễm nCoV.</p>\r\n<article class=\"fck_detail \">\r\n<p class=\"Normal\">Trong cuộc họp s&aacute;ng nay, quyền Bộ trưởng Y tế Nguyễn Thanh Long cho biết người nghi nhiễm tại Đ&agrave; Nẵng được ghi nhận l&agrave;&nbsp;<strong>\"bệnh nh&acirc;n 416\"</strong>. Viện Vệ sinh Dịch tễ Trung ương đ&atilde; thực hiện x&eacute;t nghiệm chuy&ecirc;n s&acirc;u, kết quả khẳng định dương t&iacute;nh với nCoV s&aacute;ng 25/7.</p>\r\n<p class=\"Normal\">\"Bệnh nh&acirc;n 416\" trước đ&oacute; đ&atilde; 4 lần x&eacute;t nghiệm dương t&iacute;nh nCoV, bao gồm 2 lần x&eacute;t nghiệm tại Đ&agrave; Nẵng, một lần ở Viện Pasteur Nha Trang, lần thứ 4 c&oacute; kết quả v&agrave;o trưa 24/7 do Viện Vệ sinh Dịch tễ Trung ương thực hiện.</p>\r\n<p class=\"Normal\">Như vậy, ca nhiễm mới chấm dứt 99 ng&agrave;y kh&ocirc;ng l&acirc;y nhiễm trong cộng đồng. Hiện chưa r&otilde; nguồn l&acirc;y nhiễm cho người n&agrave;y. Bệnh nh&acirc;n điều trị tại Bệnh viện Đ&agrave; Nẵng&nbsp;<a href=\"https://vnexpress.net/benh-nhan-nghi-nhiem-ncov-o-da-nang-tro-nang-4135698.html\" rel=\"dofollow\">đang trở nặng</a>, vi&ecirc;m phổi cấp t&iacute;nh, diễn biến rất nhanh, phải thở m&aacute;y.&nbsp;<a href=\"https://vnexpress.net/bac-si-cho-ray-mang-may-ecmo-ra-da-nang-dieu-tri-ca-nghi-nhiem-4135824.html\" rel=\"dofollow\">Đội phản ứng nhanh của Bệnh viện Chợ Rẫy</a>&nbsp;đ&atilde; c&oacute; mặt ở Đ&agrave; Nẵng để trực tiếp điều trị. Thủ tướng chỉ đạo quyết t&acirc;m cứu chữa cho bệnh nh&acirc;n.</p>\r\n<p class=\"Normal\">Bệnh nh&acirc;n c&oacute; tiền sử nang trung thất, đ&atilde; được phẫu thuật c&aacute;ch đ&acirc;y khoảng 2 năm. &Ocirc;ng sống tại quận Li&ecirc;n Chiểu, TP Đ&agrave; Nẵng</p>\r\n</article>', 'https://i1-suckhoe.vnecdn.net/2020/07/25/xet-nghiem-Da-Nang1-8431-1595652613.jpg?w=1020&h=0&q=100&dpr=1&fit=crop&s=9H9HBMsOVx--IM1KRzRLGg', 0, 1, '0000-00-00', 8, 'Kết quả xét nghiệm lần thứ 5 bệnh nhân 57 tuổi ở Đà Nẵng, được Viện Vệ sinh dịch tễ Trung ương sáng ', 1, 'tucsdwq'),
(30, 'Những trường đại học Mỹ chi phí thấp cho sinh viên quốc tế', '2', '<p class=\"Normal\"><strong>1. Đại học bang Valley City</strong></p>\r\n<p class=\"Normal\">Địa điểm: Th&agrave;nh phố Valley, Bắc Dakota</p>\r\n<p class=\"Normal\">Xếp hạng theo U.S News: Top 43 trong số c&aacute;c trường đại học khu vực trung t&acirc;y</p>\r\n<p class=\"Normal\">Tổng chi ph&iacute; năm học 2019 - 2020: 10.296 USD</p>\r\n<p class=\"Normal\">Tổng số sinh vi&ecirc;n đại học m&ugrave;a thu 2018: 1.404</p>\r\n<p class=\"Normal\">Sinh vi&ecirc;n đại học quốc tế, m&ugrave;a thu 2018: 23</p>\r\n<figure class=\"tplCaption action_thumb_added\" data-size=\"true\"></figure>\r\n<p class=\"Normal\"><strong>2. Học Viện C&ocirc;ng Nghệ bang Oklahoma ở Okmulgee</strong></p>\r\n<p class=\"Normal\">Địa điểm: Okmulgee, Oklahoma</p>\r\n<p class=\"Normal\">Xếp hạng U.S News: Top 23 trong số c&aacute;c trường đại học khu vực miền t&acirc;y</p>\r\n<p class=\"Normal\">Tổng chi ph&iacute; năm học 2019 - 2020: 9.960 USD</p>\r\n<p class=\"Normal\">Tổng số sinh vi&ecirc;n đại học, m&ugrave;a thu 2018: 2.403</p>\r\n<p class=\"Normal\">Sinh vi&ecirc;n đại học quốc tế, m&ugrave;a thu 2018: 18</p>\r\n<p class=\"Normal\"><strong>3. Đại học Rust</strong></p>\r\n<p class=\"Normal\">Địa điểm: Holly Springs, Mississippi</p>\r\n<p class=\"Normal\">Xếp hạng U.S News: Top 164 - 215 trong số c&aacute;c trường đại học khai ph&oacute;ng của Mỹ</p>\r\n<p class=\"Normal\">Tổng chi ph&iacute; năm học 2019 - 2020: 9.900 USD</p>\r\n<p class=\"Normal\">Tổng số sinh vi&ecirc;n đại học, m&ugrave;a thu 2018: 846</p>\r\n<p class=\"Normal\">Sinh vi&ecirc;n đại học quốc tế, m&ugrave;a thu 2018: 19</p>\r\n<figure class=\"tplCaption action_thumb_added\" data-size=\"true\">\r\n<div class=\"fig-picture\"><picture><source srcset=\"https://i1-vnexpress.vnecdn.net/2020/07/24/201-1595498835-5620-1595576598.png?w=680&amp;h=0&amp;q=100&amp;dpr=1&amp;fit=crop&amp;s=UsH0bNSXVh3-U5P0ubirhw 1x, https://i1-vnexpress.vnecdn.net/2020/07/24/201-1595498835-5620-1595576598.png?w=1020&amp;h=0&amp;q=100&amp;dpr=1&amp;fit=crop&amp;s=Yo8Dw6uW38tw3C9nnnuGog 1.5x, https://i1-vnexpress.vnecdn.net/2020/07/24/201-1595498835-5620-1595576598.png?w=680&amp;h=0&amp;q=100&amp;dpr=2&amp;fit=crop&amp;s=auYrx9-56mc8_kIOe3Vq9g 2x\" data-srcset=\"https://i1-vnexpress.vnecdn.net/2020/07/24/201-1595498835-5620-1595576598.png?w=680&amp;h=0&amp;q=100&amp;dpr=1&amp;fit=crop&amp;s=UsH0bNSXVh3-U5P0ubirhw 1x, https://i1-vnexpress.vnecdn.net/2020/07/24/201-1595498835-5620-1595576598.png?w=1020&amp;h=0&amp;q=100&amp;dpr=1&amp;fit=crop&amp;s=Yo8Dw6uW38tw3C9nnnuGog 1.5x, https://i1-vnexpress.vnecdn.net/2020/07/24/201-1595498835-5620-1595576598.png?w=680&amp;h=0&amp;q=100&amp;dpr=2&amp;fit=crop&amp;s=auYrx9-56mc8_kIOe3Vq9g 2x\" /><img class=\"lazy lazied\" src=\"https://i1-vnexpress.vnecdn.net/2020/07/24/201-1595498835-5620-1595576598.png?w=680&amp;h=0&amp;q=100&amp;dpr=1&amp;fit=crop&amp;s=UsH0bNSXVh3-U5P0ubirhw\" alt=\"polyad\" loading=\"lazy\" data-src=\"https://i1-vnexpress.vnecdn.net/2020/07/24/201-1595498835-5620-1595576598.png?w=680&amp;h=0&amp;q=100&amp;dpr=1&amp;fit=crop&amp;s=UsH0bNSXVh3-U5P0ubirhw\" data-ll-status=\"loaded\" /></picture></div>\r\n<figcaption>\r\n<p class=\"Image\">Trường ĐH Rush.</p>\r\n</figcaption>\r\n</figure>\r\n<p class=\"Normal\"><strong>4. Đại học bang Dickinson</strong></p>\r\n<p class=\"Normal\">Địa điểm: Dickinson, Bắc Dakota</p>\r\n<p class=\"Normal\">Xếp hạng U.S News: Top 48 trong số c&aacute;c trường đại học khu vực trung t&acirc;y</p>\r\n<p class=\"Normal\">Tổng chi ph&iacute; năm học 2019 - 2020: 9.784 USD</p>\r\n<p class=\"Normal\">Tổng số sinh vi&ecirc;n đại học, m&ugrave;a thu 2018: 1.375</p>\r\n<p class=\"Normal\">Sinh vi&ecirc;n đại học quốc tế, m&ugrave;a thu 2018: 51</p>\r\n<p class=\"Normal\">Tỷ lệ tốt nghiệp sinh vi&ecirc;n quốc tế 6 năm: 55%</p>\r\n<p class=\"Normal\"><strong>5. Đại học Broward</strong></p>\r\n<p class=\"Normal\">Địa điểm: Fort Lauderdale, Florida</p>\r\n<p class=\"Normal\">Xếp hạng U.S News: Top 65-84 trong số c&aacute;c trường đại học miền nam nước Mỹ</p>\r\n<p class=\"Normal\">Tổng chi ph&iacute; năm học 2019 - 2020: 9.702 USD</p>\r\n<p class=\"Normal\">Tổng số sinh vi&ecirc;n đại học, m&ugrave;a thu 2018: 40.784</p>\r\n<p class=\"Normal\">Sinh vi&ecirc;n đại học quốc tế, m&ugrave;a thu 2018: 1.644</p>\r\n<p class=\"Normal\"><strong>6. Đại học bang Henderson</strong></p>\r\n<p class=\"Normal\">Địa điểm: Arkansas</p>\r\n<p class=\"Normal\">Xếp hạng U.S News: Top 79 trong số c&aacute;c trường đại học khu vực miền nam nước Mỹ</p>\r\n<p class=\"Normal\">Tổng chi ph&iacute; năm học 2019 - 2020: 8.640 USD</p>\r\n<p class=\"Normal\">Tổng số sinh vi&ecirc;n đại học, m&ugrave;a thu 2018: 3.000</p>\r\n<p class=\"Normal\">Sinh vi&ecirc;n đại học quốc tế, m&ugrave;a thu 2018: 40</p>\r\n<p class=\"Normal\">Tỷ lệ tốt nghiệp sinh vi&ecirc;n quốc tế 6 năm: 29%</p>\r\n<p class=\"Normal\"><strong>7. Đại học bang Bemidji</strong></p>\r\n<p class=\"Normal\">Địa điểm: Bemidji, Minnesota</p>\r\n<p class=\"Normal\">Xếp hạng U.S News: Top 92 trong số c&aacute;c trường đại học khu vực trung t&acirc;y nước Mỹ</p>\r\n<p class=\"Normal\">Tổng chi ph&iacute; năm học 2019 - 2020: 7.630 USD</p>\r\n<p class=\"Normal\">Tổng số sinh vi&ecirc;n đại học, m&ugrave;a', 'https://i1-vnexpress.vnecdn.net/2020/07/24/299-1595498829-9848-1595576597.png?w=1020&h=0&q=100&dpr=1&fit=crop&s=u3-lpGAt_xtATdzt7gXHLw', 0, 2, '2020-07-25', 8, 'Giáo dụcDu họcThứ sáu, 24/7/2020, 15:00 (GMT+7) Những trường đại học Mỹ chi phí thấp cho sinh viên q', 1, NULL),
(32, 'Vinhomes lãi 6 tháng tăng 13%', '5', '<div class=\"col-left-top\">\r\n<div class=\"wrapper-topstory-folder wrapper-topstory-folder-v2 wrapper-topstory-home flexbox width_common\" data-campaign=\"ThuongVien\">\r\n<article class=\"item-news full-thumb article-topstory\">\r\n<div class=\"thumb-art\">\r\n<p class=\"Normal\">C&ocirc;ng ty cổ phần Vinhomes (VHM) vừa c&ocirc;ng bố kết quả kinh doanh qu&yacute; II với doanh thu thuần 3 th&aacute;ng gần nhất đạt gần 16.400 tỷ đồng. Lợi nhuận trước thuế hơn 5.000 tỷ đồng, giảm 50% so với c&ugrave;ng kỳ năm trước. Nguy&ecirc;n nh&acirc;n l&agrave; trong qu&yacute; II năm nay kh&ocirc;ng c&ograve;n giao dịch b&aacute;n bu&ocirc;n n&ecirc;n kết quả kh&ocirc;ng đột biến như c&ugrave;ng kỳ 2019.</p>\r\n<p class=\"Normal\">Tuy nhi&ecirc;n, lũy kế trong nửa đầu năm, kết quả kinh doanh của Vinhomes vẫn tăng so với c&ugrave;ng kỳ. Cụ thể, doanh thu thuần đạt gần 23.000 tỷ, lợi nhuận trước thuế hơn 15.000 tỷ đồng, tăng tr&ecirc;n 13%.</p>\r\n<p class=\"Normal\">Theo Vinhomes, nếu t&iacute;nh doanh thu thuần quy đổi bao gồm cả c&aacute;c hợp đồng hợp t&aacute;c kinh doanh (BCC) v&agrave; hoạt động chuyển nhượng dự &aacute;n, doanh thu trong nửa đầu năm đạt hơn 35.600 tỷ đồng, trong đ&oacute; doanh thu chuyển nhượng bất động sản quy đổi hơn 34.000 tỷ đồng, chiếm 96% tổng doanh thu hợp nhất quy đổi.</p>\r\n<p class=\"Normal\">Đến ng&agrave;y 30/6, tổng t&agrave;i sản Vinhomes đạt 225.578 tỷ, với vốn chủ sở hữu hơn 76.000 tỷ đồng, tăng 14% v&agrave; 18% so với cuối năm 2019.</p>\r\n<p class=\"Normal\">Tr&ecirc;n phần t&agrave;i sản, khoản mục tăng cao nhất l&agrave; đặt cọc cho mục đ&iacute;ch đầu tư với quy m&ocirc; gần 24.800 tỷ đồng, tăng hơn 16.300 tỷ so với đầu năm. Trong đ&oacute;, hơn 10.000 tỷ đồng đặt cọc cho Vingroup v&agrave; 5.900 tỷ đồng đặt cọc cho VinFast.</p>\r\n<p class=\"Normal\">Trong qu&yacute; II, c&ocirc;ng ty mở b&aacute;n nhiều t&ograve;a căn hộ tại Vinhomes Ocean Park v&agrave; Vinhomes Smart City tại thị trường ph&iacute;a Bắc. Tại ph&iacute;a Nam, Vinhomes đ&atilde; ra mắt ph&acirc;n khu thấp tầng The Manhattan v&agrave; The Manhattan Glory tại dự &aacute;n đại đ&ocirc; thị Vinhomes Grand Park.</p>\r\n</div>\r\n</article>\r\n</div>\r\n</div>', 'https://i.ibb.co/k6jYsgY/767-anh-dai-dien.jpg', 0, 2, '2020-07-26', 8, 'Nửa đầu năm nay, doanh thu hợp nhất quy đổi của Vinhomes đạt hơn 35.600 tỷ đồng với lợi nhuận trước ', 1, NULL),
(33, 'Giá vàng thế giới vượt 1.900 USD lần đầu sau 9 năm', '5', '<p class=\"description\">Căng thẳng Mỹ - Trung Quốc c&oacute; l&uacute;c đẩy gi&aacute; kim loại qu&yacute; h&ocirc;m qua l&ecirc;n 1.905 USD một ounce, cao nhất kể từ th&aacute;ng 9/2011.</p>\r\n<article class=\"fck_detail \">\r\n<p class=\"Normal\">Chốt phi&ecirc;n 24/7, mỗi ounce v&agrave;ng giao ngay tăng hơn 14 USD l&ecirc;n 1.901 USD. Đ&acirc;y l&agrave; lần đầu ti&ecirc;n kể từ năm 2011 gi&aacute; vượt mốc n&agrave;y. Trong phi&ecirc;n, v&agrave;ng c&oacute; thời điểm chạm 1.905 USD &ndash; cao nhất kể từ th&aacute;ng 9/2011.</p>\r\n<p class=\"Normal\">Tuần n&agrave;y, gi&aacute; đ&atilde; tăng 5% - mạnh nhất kể từ cuối th&aacute;ng 3. Gi&aacute; v&agrave;ng tương lai h&ocirc;m qua cũng chạm 1.900 USD một ounce.</p>\r\n<figure class=\"tplCaption action_thumb_added\" data-size=\"true\">\r\n<div class=\"fig-picture\"><picture data-inimage=\"done\"><source srcset=\"https://i1-kinhdoanh.vnecdn.net/2020/07/25/gold-kitco-4137-1595637343.jpg?w=680&amp;h=0&amp;q=100&amp;dpr=1&amp;fit=crop&amp;s=ijug9pH8HEF6X8EGi9-25Q 1x, https://i1-kinhdoanh.vnecdn.net/2020/07/25/gold-kitco-4137-1595637343.jpg?w=1020&amp;h=0&amp;q=100&amp;dpr=1&amp;fit=crop&amp;s=_PCn7XlSWRk3JR1izjPwkg 1.5x, https://i1-kinhdoanh.vnecdn.net/2020/07/25/gold-kitco-4137-1595637343.jpg?w=680&amp;h=0&amp;q=100&amp;dpr=2&amp;fit=crop&amp;s=uo9w3112toAk_T2fUIFs0w 2x\" data-srcset=\"https://i1-kinhdoanh.vnecdn.net/2020/07/25/gold-kitco-4137-1595637343.jpg?w=680&amp;h=0&amp;q=100&amp;dpr=1&amp;fit=crop&amp;s=ijug9pH8HEF6X8EGi9-25Q 1x, https://i1-kinhdoanh.vnecdn.net/2020/07/25/gold-kitco-4137-1595637343.jpg?w=1020&amp;h=0&amp;q=100&amp;dpr=1&amp;fit=crop&amp;s=_PCn7XlSWRk3JR1izjPwkg 1.5x, https://i1-kinhdoanh.vnecdn.net/2020/07/25/gold-kitco-4137-1595637343.jpg?w=680&amp;h=0&amp;q=100&amp;dpr=2&amp;fit=crop&amp;s=uo9w3112toAk_T2fUIFs0w 2x\" /><img class=\"lazy lazied\" src=\"https://i1-kinhdoanh.vnecdn.net/2020/07/25/gold-kitco-4137-1595637343.jpg?w=680&amp;h=0&amp;q=100&amp;dpr=1&amp;fit=crop&amp;s=ijug9pH8HEF6X8EGi9-25Q\" alt=\"Gi&aacute; v&agrave;ng li&ecirc;n tục đi l&ecirc;n trong v&agrave;i phi&ecirc;n qua.\" loading=\"lazy\" data-src=\"https://i1-kinhdoanh.vnecdn.net/2020/07/25/gold-kitco-4137-1595637343.jpg?w=680&amp;h=0&amp;q=100&amp;dpr=1&amp;fit=crop&amp;s=ijug9pH8HEF6X8EGi9-25Q\" data-ll-status=\"loaded\" /></picture></div>\r\n<figcaption>\r\n<p class=\"Image\">Gi&aacute; v&agrave;ng li&ecirc;n tục đi l&ecirc;n trong v&agrave;i phi&ecirc;n qua.</p>\r\n</figcaption>\r\n</figure>\r\n<p class=\"Normal\">V&agrave;ng l&agrave; c&ocirc;ng cụ được ưa chuộng trong bối cảnh bất ổn kinh tế v&agrave; x&atilde; hội. Nhu cầu v&agrave;ng l&ecirc;n cao do quan hệ Mỹ - Trung Quốc xấu đi trong bối cảnh kinh tế to&agrave;n cầu vốn đang chịu thiệt hại từ đại dịch. \"Lo ngại về việc kinh tế to&agrave;n cầu c&agrave;ng chậm lại do căng thẳng Mỹ - Trung leo thang c&oacute; thể khiến c&aacute;c ch&iacute;nh s&aacute;ch nới lỏng tiền tệ của ch&iacute;nh phủ k&eacute;o d&agrave;i\", Tai Wong &ndash; Gi&aacute;m đốc Giao dịch kim loại qu&yacute; ph&aacute;i sinh tại BMO cho biết.</p>\r\n<p class=\"Normal\">H&ocirc;m qua, Trung Quốc đề nghị Mỹ đ&oacute;ng cửa l&atilde;nh sự qu&aacute;n tại Th&agrave;nh Đ&ocirc;, để trả đũa việc Mỹ c&oacute; y&ecirc;u cầu tương tự với l&atilde;nh sự qu&aacute;n Trung Quốc ở Houston. Việc n&agrave;y khiến nh&agrave; đầu tư lo ngại rủi ro v&agrave; đẩy gi&aacute; đ&ocirc;la Mỹ xuống thấp.</p>\r\n<p class=\"Normal\">Một nguy&ecirc;n nh&acirc;n kh&aacute;c k&eacute;o v&agrave;ng l&ecirc;n cao l&agrave; số ca mắc Covid-19 mới vẫn tăng mạnh. Mỹ đến nay đ&atilde; ghi nhận hơn 4 triệu ca v&agrave; to&agrave;n cầu l&agrave; 15,58 triệu ca. Từ đầu năm, v&agrave;ng đ&atilde; tăng gi&aacute; 25%, do l&atilde;i suất to&agrave;n cầu thấp v&agrave; c&aacute;c ng&acirc;n h&agrave;ng trung ương nới lỏng tiền tệ.</p>\r\n<p class=\"Normal\">\"Điều duy nhất t&ocirc;i thấy c&oacute; thể chặn lại đ&agrave; tăng của v&agrave;ng l&agrave; tốc độ ph&aacute;t triển vaccine. V&igrave; cho đến l&uacute;c đ&oacute;, thị trường vẫn sẽ bất ổn\", Rhona O&rsquo;Connell &ndash; nh&agrave; ph&acirc;n t&iacute;ch tại StoneX cho biết.</p>\r\n</article>', 'https://i.ibb.co/YjyRPkz/0146-gergre.jpg', 5, 0, '2020-07-26', 8, 'Căng thẳng Mỹ - Trung Quốc có lúc đẩy giá kim loại quý hôm qua lên 1.905 USD một ounce, cao nhất kể ', 0, NULL),
(34, 'Kinh doanhBất động sảnThứ sáu, 24/7/2020, 15:15 (GMT+7) Đô thị sinh thái cửa ngõ phía Đông nhiều động lực tăng trưởng', '5', '<p class=\"description\">Hạ tầng th&ocirc;ng suốt, bất động sản xanh l&ecirc;n ng&ocirc;i, nhiều dư địa sinh lời&hellip; được đ&aacute;nh gi&aacute; l&agrave; những động lực gi&uacute;p c&aacute;c khu đ&ocirc; thị sinh th&aacute;i ven đ&ocirc; tăng trưởng.</p>\r\n<article class=\"fck_detail \">\r\n<p class=\"Normal\">Theo giới chuy&ecirc;n gia địa ốc, trong bối cảnh quỹ đất sạch nội đ&ocirc; ng&agrave;y c&agrave;ng khan hiếm, c&aacute;c dự &aacute;n nh&agrave; ở ph&aacute;t triển với quy m&ocirc; nhỏ, lẻ th&igrave; c&aacute;c đại đ&ocirc; thị sinh th&aacute;i th&ocirc;ng minh với vị tr&iacute; cửa ng&otilde;, ph&aacute;t triển bởi c&aacute;c \"&ocirc;ng lớn\" đang đ&oacute;n nhận nhiều động lực tăng trưởng.</p>\r\n<p class=\"Normal\">Động lực đầu ti&ecirc;n l&agrave; hạ tầng v&agrave; t&iacute;nh kết nối với hạt nh&acirc;n TP HCM. Những đ&ocirc; thị nằm tại vị tr&iacute; giao thương chiến lược giữa TP HCM v&agrave; c&aacute;c tỉnh Đ&ocirc;ng Nam Bộ dễ d&agrave;ng tiếp cận đến c&aacute;c trung t&acirc;m kinh tế, t&agrave;i ch&iacute;nh, du lịch trọng điểm của khu vực như TP HCM - Đồng Nai - B&agrave; Rịa Vũng T&agrave;u - Phan Thiết.</p>\r\n<p class=\"Normal\">Đặc biệt, Đồng Nai với lợi thế to lớn l&agrave; đại dự &aacute;n s&acirc;n bay Long Th&agrave;nh đang được triển khai, được đ&aacute;nh gi&aacute; sẽ l&agrave;m thay đổi bộ mặt kinh tế kh&ocirc;ng chỉ của tỉnh m&agrave; cả khu vực ph&iacute;a Nam. Để phục vụ kết nối với đại dự &aacute;n n&agrave;y, h&agrave;ng loạt dự &aacute;n hạ tầng giao th&ocirc;ng trọng điểm đ&atilde; lần lượt được đề xuất v&agrave; triển khai x&acirc;y dựng. S&aacute;ng 21/7, trong buổi l&agrave;m việc với l&atilde;nh đạo tỉnh Đồng Nai, Thủ tướng đ&atilde; y&ecirc;u cầu phải đảm bảo tiến độ b&agrave;n giao mặt bằng trong th&aacute;ng 10 để khởi c&ocirc;ng s&acirc;n bay trong năm nay.</p>\r\n<p class=\"Normal\">Hiện tại, một trong những dự &aacute;n đang đ&oacute;n nhận nhiều cơ hội từ c&aacute;c c&ocirc;ng tr&igrave;nh hạ tầng l&agrave; khu đ&ocirc; thị sinh th&aacute;i th&ocirc;ng minh Aqua City nằm ở ph&iacute;a Đ&ocirc;ng TP HCM. Dự &aacute;n nằm ngay tr&ecirc;n trục đường lớn Hương Lộ 2 (Ng&ocirc; Quyền nối d&agrave;i), s&aacute;t quốc lộ 51 v&agrave; cao tốc TP HCM - Long Th&agrave;nh - Dầu Gi&acirc;y. Khi c&aacute;c c&ocirc;ng tr&igrave;nh hạ tầng ho&agrave;n thiện, từ đ&acirc;y cư d&acirc;n chỉ mất khoảng 20 ph&uacute;t l&agrave; đến trung t&acirc;m TP HCM hay s&acirc;n bay Long Th&agrave;nh.</p>\r\n<figure class=\"tplCaption action_thumb_added\" data-size=\"true\">\r\n<div class=\"action_thumb flexbox\">&nbsp;</div>\r\n<div class=\"fig-picture\"><picture><source srcset=\"https://i1-kinhdoanh.vnecdn.net/2020/07/24/490-1595497692-5245-1595573652.png?w=680&amp;h=0&amp;q=100&amp;dpr=1&amp;fit=crop&amp;s=S6ETziuiS8KvuLWXpzHCZg 1x, https://i1-kinhdoanh.vnecdn.net/2020/07/24/490-1595497692-5245-1595573652.png?w=1020&amp;h=0&amp;q=100&amp;dpr=1&amp;fit=crop&amp;s=kkW-n7Zg0Lt5N3ZKgXqV1g 1.5x, https://i1-kinhdoanh.vnecdn.net/2020/07/24/490-1595497692-5245-1595573652.png?w=680&amp;h=0&amp;q=100&amp;dpr=2&amp;fit=crop&amp;s=-4ZuBFO6NX6uF69_FVEAig 2x\" data-srcset=\"https://i1-kinhdoanh.vnecdn.net/2020/07/24/490-1595497692-5245-1595573652.png?w=680&amp;h=0&amp;q=100&amp;dpr=1&amp;fit=crop&amp;s=S6ETziuiS8KvuLWXpzHCZg 1x, https://i1-kinhdoanh.vnecdn.net/2020/07/24/490-1595497692-5245-1595573652.png?w=1020&amp;h=0&amp;q=100&amp;dpr=1&amp;fit=crop&amp;s=kkW-n7Zg0Lt5N3ZKgXqV1g 1.5x, https://i1-kinhdoanh.vnecdn.net/2020/07/24/490-1595497692-5245-1595573652.png?w=680&amp;h=0&amp;q=100&amp;dpr=2&amp;fit=crop&amp;s=-4ZuBFO6NX6uF69_FVEAig 2x\" /><img class=\"lazy lazied\" src=\"https://i1-kinhdoanh.vnecdn.net/2020/07/24/490-1595497692-5245-1595573652.png?w=680&amp;h=0&amp;q=100&amp;dpr=1&amp;fit=crop&amp;s=S6ETziuiS8KvuLWXpzHCZg\" alt=\"polyad\" loading=\"lazy\" data-src=\"https://i1-kinhdoanh.vnecdn.net/2020/07/24/490-1595497692-5245-1595573652.png?w=680&amp;h=0&amp;q=100&amp;dpr=1&amp;fit=crop&amp;s=S6ETziuiS8KvuLWXpzHCZg\" data-ll-status=\"loaded\" /></picture></div>\r\n<figcaption>\r\n<p class=\"Image\">Dự &aacute;n Aqua City với quy m&ocirc; gần 1.000ha tọa lạc tại t&acirc;m điểm kết nối giao th&ocirc;ng li&ecirc;n v&ugrave;ng ph&iacute;a Đ&ocirc;ng TP HCM.</p>\r\n</figcaption>\r\n</figure>\r\n</article>', 'https://kinhtechungkhoan.vn/stores/news_dataimages/haund/112018/20/07/constrexim-chinh-thuc-so-huu-ban-ve-sieu-do-thi-sinh-thai-chi-linh-21-.0905.jpg', 0, 2, '2020-07-26', 8, 'Hạ tầng thông suốt, bất động sản xanh lên ngôi, nhiều dư địa sinh lời… được đánh giá là những động l', 1, NULL),
(35, 'Nghiên cứu giống chuối kháng bệnh là giải pháp hàng đầu', '6', '<p>Theo Viện Nghi&ecirc;n cứu Rau quả, dựa theo quan hệ giữa nấm bệnh v&agrave; k&yacute; chủ, c&aacute;c nghi&ecirc;n cứu tr&ecirc;n thế giới cho thấy Foc được ph&acirc;n th&agrave;nh c&aacute;c chủng (race) gồm: Chủng 1 v&agrave; chủng 2 hại tr&ecirc;n giống chuối Gros Michel (AA), Silk (AAB), Lady Finger (AAB), chuối t&acirc;y (ABB), v&agrave; Bluggoe (ABB); chủng 3 g&acirc;y hại ở c&aacute;c lo&agrave;i thuộc chi Helicolia v&agrave; chủng 4 hại tr&ecirc;n giống chuối ti&ecirc;u (AAA) v&agrave; tất cả c&aacute;c giống mẫn cảm với chủng 1 v&agrave; chủng 2.</p>\r\n<p>Bệnh h&eacute;o v&agrave;ng do nấm Foc xuất hiện đầu ti&ecirc;n ở Mỹ Latinh trong những năm 1950. Hiện nay, bệnh đ&atilde; lan rộng ở nhiều nơi sản xuất chuối lớn (Trung Quốc, Indonesia, Malaysia, Đ&agrave;i Loan). Tỉnh Quảng Đ&ocirc;ng (Trung Quốc) gần Việt Nam cũng đ&atilde; xuất hiện bệnh n&agrave;y trong v&agrave;i năm gần đ&acirc;y.</p>\r\n<p>H&agrave;ng loạt thuốc trừ bệnh tr&ecirc;n thế giới đ&atilde; được đ&aacute;nh gi&aacute; nhằm ph&ograve;ng trị bệnh h&eacute;o v&agrave;ng chuối ở cấp độ ph&ograve;ng th&iacute; nghiệm v&agrave; nh&agrave; lưới, qua đ&oacute; đ&atilde; x&aacute;c định được một số chất c&oacute; hiệu quả ức chế sinh trưởng Foc. Tuy nhi&ecirc;n, chưa thấy loại thuốc trừ nấm n&agrave;o c&oacute; hiệu quả thực sự tr&ecirc;n đồng ruộng.</p>\r\n<p>Một số nghi&ecirc;n cứu cũng cho thấy biện ph&aacute;p xử l&yacute; nhiệt đối với đất trồng chuối đạt hiệu quả kh&aacute; tốt. Sử dụng c&acirc;y giống nu&ocirc;i cấy m&ocirc; sạch bệnh l&agrave; giải ph&aacute;p hiệu quả để tr&aacute;nh ph&aacute;p t&aacute;n bệnh th&ocirc;ng qua c&acirc;y giống từ c&acirc;y mẹ trong v&ugrave;ng bệnh...</p>', 'https://media.ex-cdn.com/EXP/media.nongnghiep.vn/files/bao_in/2020/07/13/chuoi5-1651_20200713_92-175128.jpeg', 0, 2, '2020-07-26', 8, 'Đối với vùng đã nhiễm bệnh héo rũ Panama, cách duy nhất để trồng chuối liên tục là dùng giống kháng ', 1, NULL),
(36, 'Bí xanh thơm Bắc Kạn tiếp cận người tiêu dùng Thủ đô', '6', '<p>Ng&agrave;y 11/7, tại H&agrave; Nội, UBND tỉnh Bắc Kạn phối hợp với C&ocirc;ng ty Cổ phần dịch vụ thương mại tổng hợp&nbsp;<a class=\"autotag\" href=\"http://nongnghiep.vn/vincommerce-tag107281/\" target=\"_blank\" rel=\"follow noopener\">Vincommerce</a>&nbsp;đ&atilde; tổ chức khai mạc Tuần lễ giới thiệu b&iacute; xanh thơm, gạo Japonica v&agrave; c&aacute;c sản phẩm n&ocirc;ng sản sạch tỉnh Bắc Kạn năm 2020.</p>\r\n<p>Tuần lễ c&oacute; quy m&ocirc; 11 gian h&agrave;ng, trong đ&oacute; c&oacute; 2 gian h&agrave;ng tại VinMart Times City, 9 gian h&agrave;ng tại&nbsp;<a class=\"autotag\" href=\"http://nongnghiep.vn/vinmart-tag8835/\" target=\"_blank\" rel=\"follow noopener\">VinMart</a>Trung H&ograve;a nhằm giới thiệu c&aacute;c sản phẩm b&iacute; xanh thơm, gạo japonica v&agrave; c&aacute;c sản phẩm n&ocirc;ng sản sạch tỉnh Bắc Kạn như:&nbsp;<a class=\"autotag\" href=\"http://nongnghiep.vn/mien-dong-tag90841/\" target=\"_blank\" rel=\"follow noopener\">Miến dong</a>, măng kh&ocirc;, lạp sườn, thịt lợn, g&agrave; đồi, c&aacute;, sản phẩm chế biến từ củ nghệ, gừng, c&aacute;c sản phẩm OCOP...</p>\r\n<p>Sản phẩm b&iacute; xanh thơm Bắc Kạn l&agrave; đặc sản bản địa của huyện Ba Bể; quả b&iacute; khi chế biến c&oacute; độ dẻo, m&ugrave;i thơm, vị đậm, ngậy b&eacute;o, l&agrave; m&oacute;n ăn bổ dưỡng rất tốt cho sức khỏe. Đến nay, to&agrave;n tỉnh Bắc Kạn c&oacute; khoảng 80ha b&iacute; xanh thơm, chủ yếu trồng tại Ba Bể với sản lượng đạt hơn 3.000 tấn. Sản phẩm đạt vệ sinh an to&agrave;n thực phẩm, chuỗi sản phẩm sạch trong đ&oacute; c&oacute; 3ha được cấp chứng nhận&nbsp;<a class=\"autotag\" href=\"http://nongnghiep.vn/vietgap-tag81038/\" target=\"_blank\" rel=\"follow noopener\">VietGAP</a>.</p>', 'https://media.ex-cdn.com/EXP/media.nongnghiep.vn/files/hieupt/2020/07/11/1-173951_395.jpg', 0, 2, '2020-07-26', 8, 'Bí xanh thơm, gạo Japonica, miến dong, măng khô, lạp sườn, thịt lợn, gà đồi, cá ... là những sản vật', 0, NULL),
(37, '4.000 sĩ tử chạy đua vào lớp 6 trường chuyên', '1', '<p class=\"Normal\">6h30 ng&agrave;y 25/7, th&iacute; sinh c&oacute; mặt tại 5 điểm thi ở quận 1: THCS Trần Văn Ơn (quận 1), THCS V&otilde; Trường Toản, THPT chuy&ecirc;n Trần Đại Nghĩa, THCS Minh Đức v&agrave; THCS Đồng Khởi, dự thi khảo s&aacute;t năng lực bằng tiếng Anh. Kh&aacute;c mọi năm, c&aacute;c điểm thi kh&ocirc;ng tổ chức lễ khai mạc để ph&ograve;ng Covid-19, th&iacute; sinh xem danh s&aacute;ch rồi l&ecirc;n ph&ograve;ng thi.</p>\r\n<p class=\"Normal\">Tại điểm thi THPT chuy&ecirc;n Trần Đại Nghĩa, hơn 760 th&iacute; sinh xếp h&agrave;ng d&agrave;i tại h&agrave;nh lang, chờ gi&aacute;m thị gọi v&agrave;o ph&ograve;ng. Nhiều th&iacute; sinh đeo khẩu trang, em n&agrave;o tr&ecirc;n tay cũng c&oacute; một m&aacute;y t&iacute;nh cầm tay.</p>\r\n<p class=\"Normal\">Với vẻ mặt hồi hộp, th&iacute; sinh Trần Thanh L&acirc;m cho biết đ&atilde; định hướng &ocirc;n tập v&agrave;o trường THPT chuy&ecirc;n Trần Đại Nghĩa từ đầu năm lớp 5. Em tập trung cho tiếng Anh, giải c&aacute;c đề thi năng lực mẫu, đọc nhiều s&aacute;ch khoa học, lịch sử. \"Đ&acirc;y l&agrave; ng&ocirc;i trường nổi tiếng, em rất th&iacute;ch n&ecirc;n sẽ cố gắng đậu v&agrave;o\", cậu chia sẻ.</p>\r\n<p class=\"Normal\">Tương tự, th&iacute; sinh Trần C&aacute;t Nghi cho biết cũng được gia đ&igrave;nh cho &ocirc;n tập theo định hướng khảo s&aacute;t năng lực bằng tiếng Anh từ đầu năm lớp 6. Tiếng Anh cũng l&agrave; m&ocirc;n Nghi được học nhiều tại trường Tiểu học Nguyễn Th&aacute;i Sơn n&ecirc;n em kh&aacute; tự tin. Ri&ecirc;ng c&aacute;c kiến thức x&atilde; hội, khoa học, em đọc th&ecirc;m s&aacute;ch b&aacute;o.</p>\r\n<figure class=\"tplCaption action_thumb_added\" data-size=\"true\">\r\n<div class=\"action_thumb flexbox\">&nbsp;</div>\r\n<div class=\"fig-picture\"><picture><source srcset=\"https://i1-vnexpress.vnecdn.net/2020/07/25/thi-sinh-du-thi-tran-dai-nghia-7253-1595642689.jpg?w=680&amp;h=0&amp;q=100&amp;dpr=1&amp;fit=crop&amp;s=mlIYlFDRXDbGt8mMbFYUhg 1x, https://i1-vnexpress.vnecdn.net/2020/07/25/thi-sinh-du-thi-tran-dai-nghia-7253-1595642689.jpg?w=1020&amp;h=0&amp;q=100&amp;dpr=1&amp;fit=crop&amp;s=lBFE0sr8Tg3GSUbHX8Xsng 1.5x, https://i1-vnexpress.vnecdn.net/2020/07/25/thi-sinh-du-thi-tran-dai-nghia-7253-1595642689.jpg?w=680&amp;h=0&amp;q=100&amp;dpr=2&amp;fit=crop&amp;s=7pJn76x4cPvkDioHDXwUqA 2x\" data-srcset=\"https://i1-vnexpress.vnecdn.net/2020/07/25/thi-sinh-du-thi-tran-dai-nghia-7253-1595642689.jpg?w=680&amp;h=0&amp;q=100&amp;dpr=1&amp;fit=crop&amp;s=mlIYlFDRXDbGt8mMbFYUhg 1x, https://i1-vnexpress.vnecdn.net/2020/07/25/thi-sinh-du-thi-tran-dai-nghia-7253-1595642689.jpg?w=1020&amp;h=0&amp;q=100&amp;dpr=1&amp;fit=crop&amp;s=lBFE0sr8Tg3GSUbHX8Xsng 1.5x, https://i1-vnexpress.vnecdn.net/2020/07/25/thi-sinh-du-thi-tran-dai-nghia-7253-1595642689.jpg?w=680&amp;h=0&amp;q=100&amp;dpr=2&amp;fit=crop&amp;s=7pJn76x4cPvkDioHDXwUqA 2x\" /><img class=\"lazy lazied\" src=\"https://i1-vnexpress.vnecdn.net/2020/07/25/thi-sinh-du-thi-tran-dai-nghia-7253-1595642689.jpg?w=680&amp;h=0&amp;q=100&amp;dpr=1&amp;fit=crop&amp;s=mlIYlFDRXDbGt8mMbFYUhg\" alt=\"Th&iacute; sinh nghe quy chế trong ph&ograve;ng thi tại trường THPT chuy&ecirc;n Trần Đại Nghĩa trước giờ ph&aacute;t đề. Ảnh: Mạnh T&ugrave;ng.\" loading=\"lazy\" data-src=\"https://i1-vnexpress.vnecdn.net/2020/07/25/thi-sinh-du-thi-tran-dai-nghia-7253-1595642689.jpg?w=680&amp;h=0&amp;q=100&amp;dpr=1&amp;fit=crop&amp;s=mlIYlFDRXDbGt8mMbFYUhg\" data-ll-status=\"loaded\" /></picture></div>\r\n<figcaption>\r\n<p class=\"Image\">Th&iacute; sinh nghe quy chế trong ph&ograve;ng thi tại trường THPT chuy&ecirc;n Trần Đại Nghĩa trước giờ ph&aacute;t đề. Ảnh:&nbsp;<em>Mạnh T&ugrave;ng.</em></p>\r\n</figcaption>\r\n</figure>', 'https://i1-vnexpress.vnecdn.net/2020/07/25/thi-sinh-du-thi-tran-dai-nghia-4397-9312-1595642689.jpg?w=1020&h=0&q=100&dpr=1&fit=crop&s=yqoCQNRoonkZS9eob', 0, 0, '2020-07-26', 8, 'ần 4.000 học sinh lớp 5 có điểm 9 kiểm tra cuối năm môn Toán và Tiếng Việt làm bài khảo sát, tranh 5', 1, NULL),
(38, 'Trẻ mầm non ở Đà Nẵng nghỉ học tránh dịch', '11', '<p>Hiện hầu hết học sinh từ tiểu học đến THPT đ&atilde; nghỉ h&egrave;, dự kiến đến hết th&aacute;ng 9. B&agrave; L&ecirc; Thị B&iacute;ch Thuận, Gi&aacute;m đốc Sở Gi&aacute;o dục v&agrave; Đ&agrave;o tạo Đ&agrave; Nẵng, cho biết chỉ c&ograve;n học sinh lớp 12 đang &ocirc;n luyện tại c&aacute;c trung t&acirc;m để chuẩn bị cho kỳ thi tốt nghiệp THPT v&agrave;o ng&agrave;y 9-10/8. Trước diễn biến hai ca bệnh mới, nh&oacute;m học sinh n&agrave;y cũng phải dừng nghỉ học từ chiều nay.</p>\r\n<p class=\"Normal\">Sở Gi&aacute;o dục v&agrave; Đ&agrave;o tạo Đ&agrave; Nẵng cũng y&ecirc;u cầu c&aacute;c trung t&acirc;m ngoại ngữ, tin học, tư vấn du học, năng khiếu, kỹ năng sống, cơ sở dạy th&ecirc;m học th&ecirc;m... dừng tất cả hoạt động tập trung học sinh cho đến khi c&oacute; th&ocirc;ng b&aacute;o tiếp theo.</p>\r\n<p class=\"Normal\">Với c&aacute;c trường đại học ngo&agrave;i c&ocirc;ng lập, Sở Gi&aacute;o dục v&agrave; Đ&agrave;o tạo Đ&agrave; Nẵng đề nghị căn cứ t&igrave;nh h&igrave;nh thực tế v&agrave; chỉ đạo của bộ chủ quản để quyết định tập trung sinh vi&ecirc;n, học vi&ecirc;n; theo d&otilde;i chặt chẽ t&igrave;nh h&igrave;nh c&aacute;n bộ, giảng vi&ecirc;n, sinh vi&ecirc;n v&agrave; thực hiện nghi&ecirc;m quy định ph&ograve;ng chống dịch.</p>\r\n<p class=\"Normal\">Với kỳ thi tốt nghiệp THPT, Sở Gi&aacute;o dục v&agrave; Đ&agrave;o tạo Đ&agrave; Nẵng y&ecirc;u cầu trưởng điểm thi &aacute;p dụng c&aacute;c biện ph&aacute;p ph&ograve;ng chống dịch; bố tr&iacute; mỗi điểm thi &iacute;t nhất hai ph&ograve;ng dự ph&ograve;ng, sắp xếp b&agrave;n ghế bảo đảm gi&atilde;n c&aacute;ch giữa c&aacute;c th&iacute; sinh. Thực tế, kể cả khi kh&ocirc;ng c&oacute; gi&atilde;n c&aacute;ch, mỗi ph&ograve;ng thi tốt nghiệp THPT chỉ c&oacute; 24 th&iacute; sinh, ngồi c&aacute;ch xa tối thiểu 1,2 m.</p>\r\n<p class=\"Normal\">Hiệu trưởng c&aacute;c trường THPT, gi&aacute;m đốc c&aacute;c trung t&acirc;m gi&aacute;o dục thường xuy&ecirc;n c&oacute; tr&aacute;ch nhiệm chỉ đạo r&agrave; so&aacute;t t&igrave;nh h&igrave;nh sức khỏe 100% học sinh, học vi&ecirc;n tham gia.</p>\r\n<p class=\"Normal\">Sau 99 ng&agrave;y kh&ocirc;ng ghi nhận ca bệnh Covid-19 trong cộng đồng, ng&agrave;y 25/7 Việt Nam c&ocirc;ng bố \"bệnh nh&acirc;n 416\" v&agrave; s&aacute;ng nay th&ecirc;m \"bệnh nh&acirc;n 418\" đều ở Đ&agrave; Nẵng. Hiện chưa r&otilde; nguồn l&acirc;y của hai người n&agrave;y, nhưng thời gian qua Đ&agrave; Nẵng xuất hiện nhiều người Trung Quốc nhập cảnh tr&aacute;i ph&eacute;p.</p>', 'https://i1-vnexpress.vnecdn.net/2020/07/26/hoc-sinh-3200-1595753825.jpg?w=1020&h=0&q=100&dpr=1&fit=crop&s=AM_t0mtK1b-dReJa2EBvdQ', 0, 0, '2020-07-26', 8, 'Từ chiều 26/7, khoảng 67.000 trẻ mầm non ở Đà Nẵng phải nghỉ học do xuất hiện hai bệnh nhân Covid-19', 1, NULL);
INSERT INTO `posts` (`PostID`, `Title`, `Category`, `Content`, `Imagelink`, `Conf`, `Status`, `Date`, `UserID`, `Tinycontent`, `Premium`, `Note`) VALUES
(39, 'Những điều đáng chờ đợi ở vòng cuối Ngoại hạng Anh', '3', '<p class=\"Normal\"><strong>Cuộc đua top 4 chưa ng&atilde; ngũ</strong>. Hai trong bốn suất dự Champions League sẽ l&agrave; cuộc cạnh tranh giữa&nbsp;<a href=\"https://vnexpress.net/chu-de/manchester-united-116\" rel=\"dofollow\">Man Utd</a>&nbsp;(63 điểm),&nbsp;<a href=\"https://vnexpress.net/chu-de/chelsea-110\" rel=\"dofollow\">Chelsea</a>&nbsp;(63 điểm) v&agrave;&nbsp;<a href=\"https://vnexpress.net/chu-de/leicester-city-113\" rel=\"dofollow\">Leicester</a>&nbsp;(62 điểm). Man Utd nhiều lợi thế nhất v&igrave; đứng thứ ba, nhưng phải trực tiếp đối đầu Leicester. Thầy tr&ograve;&nbsp;<a href=\"https://vnexpress.net/chu-de/ole-gunnar-solskjaer-768\" rel=\"dofollow\">Ole Gunnar Solskjaer</a>&nbsp;cần tối thiểu một điểm trong chuyến l&agrave;m kh&aacute;ch đến s&acirc;n King Power để đạt mục ti&ecirc;u. Đ&oacute; cũng l&agrave; tất cả những g&igrave; Chelsea cần l&agrave;m, trước đối thủ kh&oacute; nhằn Wolves - đang đứng thứ s&aacute;u với 59 điểm.</p>\r\n<p class=\"Normal\">Trong khi đ&oacute;, nếu muốn dự&nbsp;<a href=\"https://vnexpress.net/chu-de/champions-league-506\" rel=\"dofollow\">Champions League</a>, Leicester phải đ&aacute;nh bại Man Utd. Nếu kh&ocirc;ng, họ vẫn chắc chắn dự&nbsp;<a href=\"https://vnexpress.net/chu-de/europa-league-618\" rel=\"dofollow\">Europa League</a>&nbsp;v&igrave; hiệu số b&agrave;n thắng bại vượt trội so với Wolves.</p>\r\n<p class=\"Normal\">Wolves đang hơn&nbsp;<a href=\"https://vnexpress.net/chu-de/tottenham-hotspur-121\" rel=\"dofollow\">Tottenham</a>&nbsp;một điểm. Hai đội c&oacute; hiệu số b&agrave;n thắng bại kh&ocirc;ng ch&ecirc;nh lệch nhiều (Wolves +13, Tottenham +14). Cả hai đều kh&ocirc;ng thể kết th&uacute;c m&ugrave;a giải dưới vị tr&iacute; thứ bảy. Nhưng vẫn c&oacute; một cuộc chạy đua giữa họ cho vị tr&iacute; thứ s&aacute;u. Bởi, nếu đ&aacute;nh bại Chelsea để đoạt Cup FA,&nbsp;<a href=\"https://vnexpress.net/chu-de/arsenal-105\" rel=\"dofollow\">Arsenal</a>&nbsp;sẽ nẫng suất dự Europa League khỏi tay đội đứng thứ bảy. Ở v&ograve;ng cuối, Tottenham h&agrave;nh qu&acirc;n đến s&acirc;n Crystal Palace.</p>\r\n<figure class=\"tplCaption action_thumb_added\" data-size=\"true\">\r\n<div class=\"fig-picture\"><picture><source srcset=\"https://i1-thethao.vnecdn.net/2020/07/26/screen-shot-2020-07-26-at-9-02-5510-8143-1595730536.png?w=680&amp;h=0&amp;q=100&amp;dpr=1&amp;fit=crop&amp;s=zsSASb2Els7MPIpFDwaKUQ 1x, https://i1-thethao.vnecdn.net/2020/07/26/screen-shot-2020-07-26-at-9-02-5510-8143-1595730536.png?w=1020&amp;h=0&amp;q=100&amp;dpr=1&amp;fit=crop&amp;s=l_Ct9ZybANNijWoWWA1nrQ 1.5x, https://i1-thethao.vnecdn.net/2020/07/26/screen-shot-2020-07-26-at-9-02-5510-8143-1595730536.png?w=680&amp;h=0&amp;q=100&amp;dpr=2&amp;fit=crop&amp;s=vqCZr7blqNSUEVlITYW_-g 2x\" data-srcset=\"https://i1-thethao.vnecdn.net/2020/07/26/screen-shot-2020-07-26-at-9-02-5510-8143-1595730536.png?w=680&amp;h=0&amp;q=100&amp;dpr=1&amp;fit=crop&amp;s=zsSASb2Els7MPIpFDwaKUQ 1x, https://i1-thethao.vnecdn.net/2020/07/26/screen-shot-2020-07-26-at-9-02-5510-8143-1595730536.png?w=1020&amp;h=0&amp;q=100&amp;dpr=1&amp;fit=crop&amp;s=l_Ct9ZybANNijWoWWA1nrQ 1.5x, https://i1-thethao.vnecdn.net/2020/07/26/screen-shot-2020-07-26-at-9-02-5510-8143-1595730536.png?w=680&amp;h=0&amp;q=100&amp;dpr=2&amp;fit=crop&amp;s=vqCZr7blqNSUEVlITYW_-g 2x\" /><img class=\"lazy lazied\" src=\"https://i1-thethao.vnecdn.net/2020/07/26/screen-shot-2020-07-26-at-9-02-5510-8143-1595730536.png?w=680&amp;h=0&amp;q=100&amp;dpr=1&amp;fit=crop&amp;s=zsSASb2Els7MPIpFDwaKUQ\" alt=\"Những điều đ&aacute;ng chờ đợi ở v&ograve;ng cuối Ngoại hạng Anh - 2\" loading=\"lazy\" data-src=\"https://i1-thethao.vnecdn.net/2020/07/26/screen-shot-2020-07-26-at-9-02-5510-8143-1595730536.png?w=680&amp;h=0&amp;q=100&amp;dpr=1&amp;fit=crop&amp;s=zsSASb2Els7MPIpFDwaKUQ\" data-ll-status=\"loaded\" /></picture></div>\r\n<figcaption></figcaption>\r\n</figure>\r\n<p class=\"Normal\"><strong>Cuộc chiến trụ hạng cũng khốc liệt</strong>. Aston Villa tho&aacute;t khỏi nh&oacute;m cầm đ&egrave;n đỏ nhờ&nbsp;<a href=\"https://vnexpress.net/arsenal-thua-doi-tranh-tru-hang-4134038.html\" rel=\"dofollow\">trận thắng Arsenal</a>, nhưng chưa an to&agrave;n. Thầy tr&ograve; Dean Smith sở hữu 34 điểm, với hiệu số b&agrave;n thắng bại l&agrave; -26. Watford cũng được 34 điểm nhưng đứng thứ 18 v&igrave; thua hiệu số (-27). Bournemouth đứng thứ 19 với 31 điểm v&agrave; hiệu số l&agrave; -27.</p>', 'https://i1-thethao.vnecdn.net/2020/07/25/untitled-1595688016-1254-1595688475.jpg?w=1020&h=0&q=100&dpr=1&fit=crop&s=faIyYQqDoYZfkj2v_gOcyQ', 0, 0, '2020-07-26', 8, 'Chức vô địch đã thuộc về Liverpool, nhưng cuộc đua Top 4, suất dự Europa League hay trụ hạng', 1, NULL),
(40, 'Redknapp: \'Lampard không cần Klopp dạy bảo\'', '3', '<p class=\"Normal\">\"Lampard đ&atilde; thi đấu qu&aacute; l&acirc;u ở đỉnh cao, rồi ngay lập tức trở th&agrave;nh HLV ở Ngoại hạng Anh. Người kh&ocirc;ng c&oacute; đầu &oacute;c kh&ocirc;ng thể l&agrave;m như vậy được. Klopp v&agrave; Lampard đều bỏ qua cho nhau được th&igrave; tốt. Sẽ c&oacute; ng&agrave;y Lampard bắt kịp Klopp v&agrave; khi đ&oacute; họ kh&ocirc;ng thể nhắc lại chuyện qu&aacute; khứ\", Redknapp n&oacute;i th&ecirc;m</p>\r\n<p class=\"Normal\">Trong&nbsp;<a href=\"https://vnexpress.net/liverpool-ha-chelsea-trong-tran-cau-tam-ban-4134600.html\" rel=\"dofollow\">trận thua</a>&nbsp;của Chelsea trước Liverpool h&ocirc;m 22/7, Lampard nổi n&oacute;ng v&agrave; tu&ocirc;n ra&nbsp;<a href=\"https://vnexpress.net/lampard-vang-tuc-truoc-mat-klopp-4135169.html\" rel=\"dofollow\">những lời lẽ kh&ocirc;ng hay&nbsp;</a>hướng về ban huấn luyện Liverpool. Sau trận &ocirc;ng c&ograve;n n&oacute;i rằng Liverpool tỏ ra cao ngạo sau khi v&ocirc; địch Ngoại hạng Anh. Ch&iacute;nh điều n&agrave;y khiến Klopp kh&ocirc;ng h&agrave;i l&ograve;ng, v&agrave; cho rằng&nbsp;<a href=\"https://vnexpress.net/klopp-lampard-con-phai-hoc-nhieu-4135808.html\" rel=\"dofollow\">Lampard cần học hỏi nhiều</a>.</p>\r\n<p class=\"Normal\">Trong m&ugrave;a giải đầu ti&ecirc;n dẫn dắt Chelsea, Lampard c&oacute; thể đưa đội b&oacute;ng v&agrave;o top 4 v&agrave; gi&agrave;nh suất dự Champions League. Họ cần &iacute;t nhất một điểm trước Wolverhampton để đạt mục ti&ecirc;u.</p>\r\n<figure class=\"tplCaption action_thumb_added\" data-size=\"true\">\r\n<div class=\"action_thumb flexbox\">&nbsp;</div>\r\n<div class=\"fig-picture\"><picture><source srcset=\"https://i1-thethao.vnecdn.net/2020/07/26/screen-shot-2020-07-26-at-5-56-4760-4073-1595718303.png?w=680&amp;h=0&amp;q=100&amp;dpr=1&amp;fit=crop&amp;s=a8d0B2lZQOlJcx6ZwDP2kQ 1x, https://i1-thethao.vnecdn.net/2020/07/26/screen-shot-2020-07-26-at-5-56-4760-4073-1595718303.png?w=1020&amp;h=0&amp;q=100&amp;dpr=1&amp;fit=crop&amp;s=Jo1FjxiQwC9YOwiIUTqYbg 1.5x, https://i1-thethao.vnecdn.net/2020/07/26/screen-shot-2020-07-26-at-5-56-4760-4073-1595718303.png?w=680&amp;h=0&amp;q=100&amp;dpr=2&amp;fit=crop&amp;s=yxLn4VbgoZk0pXaukMBV8g 2x\" data-srcset=\"https://i1-thethao.vnecdn.net/2020/07/26/screen-shot-2020-07-26-at-5-56-4760-4073-1595718303.png?w=680&amp;h=0&amp;q=100&amp;dpr=1&amp;fit=crop&amp;s=a8d0B2lZQOlJcx6ZwDP2kQ 1x, https://i1-thethao.vnecdn.net/2020/07/26/screen-shot-2020-07-26-at-5-56-4760-4073-1595718303.png?w=1020&amp;h=0&amp;q=100&amp;dpr=1&amp;fit=crop&amp;s=Jo1FjxiQwC9YOwiIUTqYbg 1.5x, https://i1-thethao.vnecdn.net/2020/07/26/screen-shot-2020-07-26-at-5-56-4760-4073-1595718303.png?w=680&amp;h=0&amp;q=100&amp;dpr=2&amp;fit=crop&amp;s=yxLn4VbgoZk0pXaukMBV8g 2x\" /><img class=\"lazy lazied\" src=\"https://i1-thethao.vnecdn.net/2020/07/26/screen-shot-2020-07-26-at-5-56-4760-4073-1595718303.png?w=680&amp;h=0&amp;q=100&amp;dpr=1&amp;fit=crop&amp;s=a8d0B2lZQOlJcx6ZwDP2kQ\" alt=\"Solskjaer: Man Utd mạnh thứ ba ở Anh - 2\" loading=\"lazy\" data-src=\"https://i1-thethao.vnecdn.net/2020/07/26/screen-shot-2020-07-26-at-5-56-4760-4073-1595718303.png?w=680&amp;h=0&amp;q=100&amp;dpr=1&amp;fit=crop&amp;s=a8d0B2lZQOlJcx6ZwDP2kQ\" data-ll-status=\"loaded\" /></picture></div>\r\n</figure>', 'https://i1-thethao.vnecdn.net/2020/07/26/lampard-1595726250-6381-1595726330.jpg?w=1020&h=0&q=100&dpr=1&fit=crop&s=P0QulGln1xGhutD9FKKR-A', 0, 0, '2020-07-26', 8, 'HLV Harry Redknapp bực bội sau khi Jurgen Klopp cho rằng cháu của ông, Frank Lampard cần học hỏi nhi', 0, NULL),
(41, 'Thủ quân Liverpool: \'Chỉ trích là nguồn năng lượng cho tôi\'', '4', '<p class=\"Normal\">\"T&ocirc;i nghĩ đ&ocirc;i khi những lời chỉ tr&iacute;ch c&oacute; thể g&acirc;y tổn thương. Bạn hiểu đ&oacute; l&agrave; một phần của b&oacute;ng đ&aacute;, nhưng khi l&agrave; một cầu thủ trẻ, bạn kh&ocirc;ng quen với n&oacute; v&agrave; sẽ kh&oacute; đối ph&oacute; hơn\", Henderson n&oacute;i tr&ecirc;n&nbsp;<em>Daily Mail</em>. \"Tại một CLB lớn như Liverpool, mức độ kỳ vọng c&oacute; thể ảnh hưởng đến bạn. Bạn cần học hỏi v&agrave; đối ph&oacute; với n&oacute; theo c&aacute;ch tốt nhất c&oacute; thể. T&ocirc;i đ&atilde; c&oacute; kinh nghiệm về chuyện n&agrave;y. T&ocirc;i coi những lời chỉ tr&iacute;ch l&agrave; nhi&ecirc;n liệu để th&uacute;c đẩy t&ocirc;i tiến về ph&iacute;a trước. T&ocirc;i sẽ kh&ocirc;ng bao giờ ngừng cố gắng để trở n&ecirc;n tốt hơn. Đ&oacute; l&agrave; điều t&ocirc;i lu&ocirc;n l&agrave;m cho đến khi nghỉ chơi b&oacute;ng. Đ&oacute; l&agrave; một phần quan trọng của cuộc sống. Bạn sẽ gặp thất bại v&agrave; chỉ tr&iacute;ch, nhưng điều quan trọng l&agrave; c&aacute;ch bạn phản ứng. H&atilde;y sử dụng n&oacute; như năng lượng, nhi&ecirc;n liệu, động lực để trở n&ecirc;n mạnh mẽ hơn. Đ&oacute; l&agrave; tất cả những g&igrave; t&ocirc;i lu&ocirc;n cố gắng thực hiện\".</p>\r\n<figure class=\"tplCaption action_thumb_added\" data-size=\"true\">\r\n<div class=\"fig-picture\"><picture data-inimage=\"done\"><source srcset=\"https://i1-thethao.vnecdn.net/2020/07/26/hen-7183-1595737068.jpg?w=680&amp;h=0&amp;q=100&amp;dpr=1&amp;fit=crop&amp;s=gCSbA0x1ExMY2tKV4qKlIg 1x, https://i1-thethao.vnecdn.net/2020/07/26/hen-7183-1595737068.jpg?w=1020&amp;h=0&amp;q=100&amp;dpr=1&amp;fit=crop&amp;s=uCf6maeX6nSIXq5EUzJOPw 1.5x, https://i1-thethao.vnecdn.net/2020/07/26/hen-7183-1595737068.jpg?w=680&amp;h=0&amp;q=100&amp;dpr=2&amp;fit=crop&amp;s=J85-AKPZ4wedwL2yRXzroA 2x\" data-srcset=\"https://i1-thethao.vnecdn.net/2020/07/26/hen-7183-1595737068.jpg?w=680&amp;h=0&amp;q=100&amp;dpr=1&amp;fit=crop&amp;s=gCSbA0x1ExMY2tKV4qKlIg 1x, https://i1-thethao.vnecdn.net/2020/07/26/hen-7183-1595737068.jpg?w=1020&amp;h=0&amp;q=100&amp;dpr=1&amp;fit=crop&amp;s=uCf6maeX6nSIXq5EUzJOPw 1.5x, https://i1-thethao.vnecdn.net/2020/07/26/hen-7183-1595737068.jpg?w=680&amp;h=0&amp;q=100&amp;dpr=2&amp;fit=crop&amp;s=J85-AKPZ4wedwL2yRXzroA 2x\" /><img class=\"lazy lazied\" src=\"https://i1-thethao.vnecdn.net/2020/07/26/hen-7183-1595737068.jpg?w=680&amp;h=0&amp;q=100&amp;dpr=1&amp;fit=crop&amp;s=gCSbA0x1ExMY2tKV4qKlIg\" alt=\"Henderson đ&oacute;ng vai tr&ograve; thầm lặng nhưng rất quan trọng với Liverpool. Ảnh: Reuters.\" loading=\"lazy\" data-src=\"https://i1-thethao.vnecdn.net/2020/07/26/hen-7183-1595737068.jpg?w=680&amp;h=0&amp;q=100&amp;dpr=1&amp;fit=crop&amp;s=gCSbA0x1ExMY2tKV4qKlIg\" data-ll-status=\"loaded\" /></picture>\r\n<div class=\"embed-container\">&nbsp;</div>\r\n</div>\r\n<figcaption>\r\n<p class=\"Image\">Henderson đ&oacute;ng vai tr&ograve; thầm lặng nhưng rất quan trọng với Liverpool. Ảnh:&nbsp;<em>Reuters</em>.</p>\r\n</figcaption>\r\n</figure>\r\n<p class=\"Normal\">Henderson thi đấu cho&nbsp;<a href=\"https://vnexpress.net/chu-de/liverpool-114\" rel=\"dofollow\">Liverpool</a>&nbsp;từ năm 2011. Gần một thập kỷ qua, tiền vệ người Anh trải qua kh&ocirc;ng &iacute;t thất bại, như&nbsp;<a href=\"https://vnexpress.net/chu-de/ngoai-hang-anh-43\" rel=\"dofollow\">Ngoại hạng Anh</a>&nbsp;m&ugrave;a 2013-2014,&nbsp;<a href=\"https://vnexpress.net/ha-liverpool-sevilla-vo-dich-europa-league-nam-thu-ba-lien-tiep-3405113-tong-thuat.html#:~:text=(GMT%2B7)-,H%E1%BA%A1%20Liverpool%2C%20Sevilla%20v%C3%B4%20%C4%91%E1%BB%8Bch%20Europa%20League%20n%C4%83m%20th%E1%BB%A9%20ba,%E1%BB%9F%20Basel%20h%C3%B4m%2018%2F5.&amp;text=Seviila%20b%C3%AAn%20danh%20hi%E1%BB%87u%20v%C3%B4,%E1%BA%A2nh%3A%20Reuters.\" rel=\"dofollow\">chung kết Europa League 2016</a>&nbsp;hay&nbsp;<a href=\"https://vnexpress.net/real-madrid-vo-dich-champions-league-nam-thu-ba-lien-tiep-3755051-tong-thuat.html\" rel=\"dofollow\">chung kết Champions League 2018</a>.</p>\r\n<p class=\"Normal\">Tr&aacute;i ngọt chỉ thực sự đến với Henderson từ năm 2019. Một năm qua, anh c&ugrave;ng Liverpool gi&agrave;nh bốn danh hiệu li&ecirc;n tiếp, gồm Champions League 2019, Si&ecirc;u Cup ch&acirc;u &Acirc;u 2019, FIFA Club World Cup 2019 v&agrave;&nbsp;<a href=\"https://vnexpress.net/liverpool-nang-cup-ngoai-hang-anh-4134616.html\" rel=\"dofollow\">Ngoại hạng Anh 2019-2020</a>.</p>', 'https://i1-thethao.vnecdn.net/2020/07/23/greenwood-pa-1595448791-159544-9842-2551-1595448862.jpg?w=300&h=180&q=100&dpr=1&fit=crop&s=0u3irbmtCTHTZjqRip', 0, 2, '2020-07-26', 8, 'Tiền vệ Jordan Henderson, người mới được Hiệp hội nhà báo thể thao Anh bầu chọn là Cầu thủ hay nhất,', 1, NULL),
(42, 'Rộ tin Inter sắp chiêu mộ Messi', '4', '<p class=\"Normal\">Tờ&nbsp;<em>Gazzetta dello Sports&nbsp;</em>cho biết, tập đo&agrave;n Suning Holdings, cổ đ&ocirc;ng lớn nhất của Inter, đang nghi&ecirc;m t&uacute;c nghi&ecirc;n cứu kế hoạch.</p>\r\n<p class=\"Normal\">Sự h&ugrave;ng mạnh về t&agrave;i ch&iacute;nh l&agrave; l&yacute; do đầu ti&ecirc;n để Suning Holdings tự tin về việc chi&ecirc;u mộ chủ nh&acirc;n s&aacute;u Quả B&oacute;ng V&agrave;ng. Ngo&agrave;i ra, việc bố v&agrave; cũng l&agrave; người đại diện của Messi, &ocirc;ng Jorge chuẩn bị kinh doanh tại Milan l&agrave; cơ hội tốt để Inter tiếp cận.</p>\r\n<p class=\"Normal\">Inter muốn k&yacute; với&nbsp;<a href=\"https://vnexpress.net/chu-de/lionel-messi-300\" rel=\"dofollow\">Messi</a>&nbsp;nhằm l&agrave;m đối trọng với Juventus, đội b&oacute;ng đ&atilde; mua&nbsp;<a href=\"https://vnexpress.net/chu-de/cristiano-ronaldo-194\" rel=\"dofollow\">Cristiano Ronaldo</a>&nbsp;từ năm 2018. Nhờ c&oacute; sự g&oacute;p mặt của Ronaldo, Juventus k&eacute;o d&agrave;i thời gian thống trị Serie A v&agrave; chuẩn bị gi&agrave;nh danh hiệu thứ ch&iacute;n li&ecirc;n tiếp ở đấu trường n&agrave;y.</p>\r\n<p class=\"Normal\">H&egrave; 2021, Messi sẽ tr&ograve;n 34 tuổi. M&ugrave;a n&agrave;y, anh vẫn đạt phong độ cao với 30 b&agrave;n tr&ecirc;n mọi đấu trường. Tại La Liga, anh gi&agrave;nh cả hai danh hiệu Vua ph&aacute; lưới v&agrave; Vua kiến tạo. Tuy nhi&ecirc;n, Messi đang gặp vấn đề về danh hiệu tập thể. Tại La Liga, Barca chỉ về thứ hai, k&eacute;m năm điểm so với Real. Họ cũng thua ở Si&ecirc;u Cup T&acirc;y Ban Nha v&agrave; Cup Nh&agrave; vua.</p>', 'https://i1-thethao.vnecdn.net/2020/07/26/mes-3076-1595740020.jpg?w=1020&h=0&q=100&dpr=1&fit=crop&s=bV1FM3JKiIQadugaLTCYew', 0, 2, '2020-07-26', 8, 'Theo báo chí Italy, chủ sở hữu Inter đang lên kế hoạch chiêu mộ Lionel Messi khi anh hết hạn hợp đồn', 0, NULL),
(43, 'Hiện trường giả gần hoàn hảo của kẻ giết vợ', '7', '<p class=\"Normal paywall-preview\">Trong l&uacute;c Mark k&ecirc;u kh&oacute;c, chủ khu nh&agrave; nghỉ dưỡng tại th&agrave;nh phố Blain, bang Michigan gọi điện cho cảnh s&aacute;t để b&aacute;o tin. H&ocirc;m đ&oacute; l&agrave; ng&agrave;y 26/10/2003.</p>\r\n<p class=\"Normal paywall-preview\">Tới nơi, cảnh s&aacute;t thấy thi thể của nạn nh&acirc;n, Florence Unger, tr&ocirc;i nổi dưới l&agrave;n nước b&ecirc;n cạnh khu vực hạ thủy thuyền. Ở độ cao 3,5 m ph&iacute;a tr&ecirc;n, một đoạn lan can tr&ecirc;n n&oacute;c căn cabin c&oacute; dấu hiệu bị nứt g&atilde;y v&agrave; cong ra ngo&agrave;i.</p>\r\n<p class=\"Normal paywall-preview\">L&agrave;m việc với cảnh s&aacute;t, Mark cho biết đ&atilde; đưa vợ v&agrave; hai con trai dưới 11 tuổi tới đ&acirc;y nghỉ dưỡng. Căn nh&agrave; cả gia đ&igrave;nh đ&atilde; thu&ecirc; tr&ocirc;ng ra n&oacute;c căn cabin hạ thủy thuyền. Mark kể tối h&ocirc;m ấy c&ugrave;ng vợ ngồi tr&ecirc;n n&oacute;c căn cabin h&oacute;ng m&aacute;t. Được một l&uacute;c, Mark v&agrave;o nh&agrave; cho hai con đi ngủ, tới l&uacute;c quay ra th&igrave; kh&ocirc;ng thấy Florence đ&acirc;u. Thấy đ&egrave;n nh&agrave; bạn b&ecirc;n cạnh vẫn s&aacute;ng, Mark cho rằng vợ sang đ&oacute; n&ecirc;n quay về đi ngủ v&igrave; kh&ocirc;ng muốn để c&aacute;c con một m&igrave;nh. Tỉnh dậy v&agrave;o 7h30, Mark vẫn chưa thấy vợ về n&ecirc;n mới gọi cho chủ khu nh&agrave; nghỉ dưỡng.</p>\r\n<p class=\"Normal\">Kết quả giải phẫu cho thấy trong cơ thể Florence kh&ocirc;ng c&oacute; cồn hoặc chất k&iacute;ch th&iacute;ch trước khi chết. Phần đầu của Florence chịu thương t&iacute;ch nặng từ c&uacute; va chạm với s&agrave;n b&ecirc; t&ocirc;ng sau khi rơi 3,5 m, nhưng nguy&ecirc;n nh&acirc;n tử vong kh&ocirc;ng phải do thương t&iacute;ch ở v&ugrave;ng đầu m&agrave; do chết đuối.</p>', 'https://i1-vnexpress.vnecdn.net/2020/07/24/1-5086-1595588906.jpg?w=0&h=0&q=100&dpr=2&fit=crop&s=brXKs6iykB7r74xjwWRxNQ', 0, 2, '2020-07-26', 8, 'Mark Unger bật khóc thảm thiết khi nghe tin vợ chết rồi đi thẳng tới hiện trường, dù chưa được cho b', 1, NULL),
(44, 'Tráo mẫu ADN để thoát tội hiếp dâm', '7', '<p class=\"Normal\">\"M&igrave;nh sẽ l&agrave;m mọi thứ để sống\", c&ocirc; thầm nghĩ trong một tối th&aacute;ng 6/2000. Theo y&ecirc;u cầu của g&atilde; đ&agrave;n &ocirc;ng, c&ocirc; đi tới nơi vắng vẻ v&agrave; bị x&acirc;m hại t&igrave;nh dục tại đ&acirc;y. Nh&acirc;n l&uacute;c kẻ tấn c&ocirc;ng sơ hở sau khi hiếp d&acirc;m, Green lấy hết sức b&igrave;nh sinh chạy tới nơi an to&agrave;n rồi b&aacute;o tin cho cảnh s&aacute;t th&agrave;nh phố Texas, bang Texas.</p>\r\n<p class=\"Normal\">Theo lời Green, kẻ tấn c&ocirc;ng l&agrave; người gốc ch&acirc;u Phi, mặc &aacute;o nỉ c&oacute; mũ che k&iacute;n mặt n&ecirc;n kh&ocirc;ng thể nh&igrave;n r&otilde; đặc điểm cụ thể. Hắn kh&ocirc;ng để lại manh mối g&igrave; ngoại trừ ADN tr&iacute;ch xuất từ&nbsp;<a href=\"https://vnexpress.net/bo-dung-cu-giup-nan-nhan-bi-hiep-dam-o-my-giu-lai-chung-cu-3944689.html\" rel=\"dofollow\">mẫu tinh tr&ugrave;ng lạ</a>&nbsp;tr&ecirc;n người nạn nh&acirc;n. Tuy nhi&ecirc;n, mẫu ADN n&agrave;y kh&ocirc;ng cho ra kết quả khi đối chiếu với cơ sở dữ liệu tội phạm của tiểu bang.</p>\r\n<p class=\"Normal\">Kh&ocirc;ng c&oacute; manh mối, cảnh s&aacute;t r&agrave; so&aacute;t một lượt danh s&aacute;ch những kẻ phạm tội x&acirc;m hại t&igrave;nh dục sống trong khu vực. Việc t&igrave;m kiếm x&aacute;c định được Kenneth Ray Johnson c&oacute; dấu hiệu khả nghi v&igrave; người n&agrave;y vừa chuyển tới sống tại địa phương sau khi thi h&agrave;nh bản &aacute;n 25 năm t&ugrave; v&igrave; tội&nbsp;<em>Hiếp d&acirc;m.</em></p>\r\n<p class=\"Normal\">Do đang trong thời gian&nbsp;<a href=\"https://vnexpress.net/he-thong-quan-che-toi-pham-xam-hai-tinh-duc-o-my-3790868.html\" rel=\"dofollow\">quản chế</a>, Johnson phải đeo v&ograve;ng định vị GPS quanh cổ ch&acirc;n. Dữ liệu định vị cho thấy Johnson ở nh&agrave; khi vụ tấn c&ocirc;ng xảy ra. ADN của Johnson cũng kh&ocirc;ng tr&ugrave;ng khớp với mẫu tinh tr&ugrave;ng của hung thủ n&ecirc;n được loại khỏi diện t&igrave;nh nghi.</p>', 'https://i1-vnexpress.vnecdn.net/2020/07/20/0-JPG-1710-1595241621.jpg?w=0&h=0&q=100&dpr=2&fit=crop&s=dzrx8YfzCxYUMlH1YVuBYQ', 0, 2, '2020-07-26', 8, 'Thiếu nữ 19 tuổi Stevie Green thấy có tiếng động lạ từ đằng sau nhưng chưa kịp quay đầu lại đã bị lư', 0, NULL),
(45, 'Đưa tiền cho cảnh sát khi mắc lỗi giao thông, có bị phạt?', '8', '<p class=\"Normal\"><strong>Luật sư tư vấn</strong></p>\r\n<p class=\"Normal\">H&agrave;nh vi đưa tiền cho cảnh s&aacute;t giao th&ocirc;ng nhằm kh&ocirc;ng xử phạt l&agrave; việc l&agrave;m vi phạm ph&aacute;p luật; t&ugrave;y v&agrave;o mức độ vi phạm m&agrave; bị xử phạt h&agrave;nh ch&iacute;nh hoặc bị truy cứu tr&aacute;ch nhiệm h&igrave;nh sự.</p>\r\n<p class=\"Normal\"><em>Xử phạt h&agrave;nh ch&iacute;nh</em></p>\r\n<p class=\"Normal\">Nếu số tiền dưới 2 triệu đồng, người đưa sẽ bị phạt từ 3 đến 5 triệu đồng theo điểm c khoản 3 điều 20 Nghị định 167/2013/NĐ-CP.</p>\r\n<p class=\"Normal\">Căn cứ khoản 4 điều 20, ngo&agrave;i mức phạt n&ecirc;u tr&ecirc;n, họ c&ograve;n bị tịch thu số tiền đ&atilde; đưa.</p>\r\n<p class=\"Normal\"><em>Truy cứu tr&aacute;ch nhiệm h&igrave;nh sự</em></p>\r\n<p class=\"Normal\">Nếu số tiền từ 2 triệu đồng, người đưa sẽ bị truy cứu tr&aacute;ch nhiệm h&igrave;nh sự về tội&nbsp;<em>Đưa hối lộ</em>&nbsp;theo điều 364 Bộ luật H&igrave;nh sự năm 2015.</p>\r\n<p class=\"Normal\">Khi đ&oacute;, h&igrave;nh phạt thấp nhất đối với tội danh n&agrave;y l&agrave; bị phạt tiền từ 20 triệu đồng đến 200 triệu đồng, phạt cải tạo kh&ocirc;ng giam giữ đến 3 năm hoặc phạt t&ugrave; từ 6 th&aacute;ng đến 3 năm.</p>\r\n<p class=\"Normal\">Người d&acirc;n khi tham gia giao th&ocirc;ng n&ecirc;n chấp h&agrave;nh đ&uacute;ng quy định của ph&aacute;p luật để đảm bảo an to&agrave;n cho m&igrave;nh v&agrave; người kh&aacute;c, cũng như tr&aacute;nh gặp rủi ro ph&aacute;p l&yacute;. Trường hợp mắc lỗi, người vi phạm n&ecirc;n chấp nhận bị xử phạt theo đ&uacute;ng quy định.</p>\r\n<p class=\"Normal\">Luật sư&nbsp;<strong>Phạm Thanh Hữu</strong><br /><em>Đo&agrave;n luật sư TP HCM</em></p>', 'https://www.acq-intl.com/wp-content/uploads/2019/12/Kettani-Law-Firm-1.jpg', 0, 2, '2020-07-26', 8, 'Người vi phạm giao thông đưa tiền cho cảnh sát giao thông với mong muốn được bỏ qua lỗi thì có bị co', 1, NULL),
(46, 'Có quyền đòi xem sổ đỏ trước khi đặt cọc mua?', '8', '<p class=\"description\">T&ocirc;i coi nh&agrave; thấy h&agrave;i l&ograve;ng n&ecirc;n muốn xem sổ đỏ để đảm bảo an to&agrave;n về mặt ph&aacute;p l&yacute; mới đặt cọc, tuy nhi&ecirc;n người b&aacute;n từ chối. (Nguyễn Minh)</p>\r\n<article class=\"fck_detail \">\r\n<p class=\"Normal\">Họ chỉ cho xem bản photocoppy v&igrave; sợ bị lừa đảo. Chủ nh&agrave; cam kết sổ đỏ ri&ecirc;ng v&agrave; ho&agrave;n to&agrave;n hợp ph&aacute;p, chỉ khi n&agrave;o ra văn ph&ograve;ng c&ocirc;ng chứng l&agrave;m hợp đồng mua b&aacute;n nh&agrave; mới cho xem bản gốc.</p>\r\n<p class=\"Normal\">T&ocirc;i muốn hỏi: Người mua nh&agrave; c&oacute; quyền xem sổ đỏ trước khi đặt cọc hay kh&ocirc;ng?</p>\r\n<p class=\"Normal\"><strong>Luật sư tư vấn</strong></p>\r\n<p class=\"Normal\">Người mua nh&agrave; đất được quyền y&ecirc;u cầu chủ nh&agrave; đất cho xem sổ đỏ để kiểm tra t&iacute;nh ph&aacute;p l&yacute; của phần nh&agrave; đất m&igrave;nh dự định mua trước khi xuống tiền đặt cọc. Như vậy, họ sẽ tr&aacute;nh gặp rủi ro ph&aacute;p l&yacute;.</p>\r\n<p class=\"Normal\">Trong trường hợp người chủ viện nhiều l&yacute; do để kh&ocirc;ng đưa sổ đỏ cho xem trước, người mua kh&ocirc;ng n&ecirc;n xuống tiền đặt cọc để tr&aacute;nh gặp rủi ro ph&aacute;p l&yacute;, thiệt hại về sau.</p>\r\n<p class=\"Normal\">Tr&ecirc;n thực tế, một số chủ nh&agrave; đất với chủ &yacute; lừa dối người mua khi b&aacute;n những căn nh&agrave;, thửa đất chưa c&oacute; sổ đỏ ri&ecirc;ng, nh&agrave; đất kh&ocirc;ng đủ điều kiện để chuyển nhượng... Khi đ&oacute;, họ sẽ viện ra nhiều l&yacute; do để kh&ocirc;ng cho người mua xem sổ đỏ trước khi đặt cọc. Nhiều người v&igrave; muốn mua, lại tin tưởng n&ecirc;n đặt cọc; sau n&agrave;y mới ph&aacute;t hiện nh&agrave; đất đ&oacute; kh&ocirc;ng c&oacute; sổ đỏ ri&ecirc;ng, kh&ocirc;ng được ph&eacute;p chuyển nhượng đ&atilde; kh&ocirc;ng giao dịch nữa v&agrave; chấp nhận mất đặt cọc. C&oacute; người tiếc tiền đặt cọc đ&atilde; mua nh&agrave; đất đ&oacute; bằng \"giấy tờ tay\".</p>\r\n<p class=\"Normal\">Tuy nhi&ecirc;n, theo điều 127 Bộ luật D&acirc;n sự năm 2015, nếu người b&aacute;n với chủ &yacute; lừa dối người mua để người mua xuống tiền đặt cọc như ở tr&ecirc;n th&igrave; giao dịch đặt cọc bị v&ocirc; hiệu do lừa dối.</p>\r\n<p class=\"Normal\">Do đ&oacute;, người mua c&oacute; quyền từ chối mua phần nh&agrave; đất đ&oacute; v&agrave; y&ecirc;u cầu b&ecirc;n nhận đặt cọc trả lại tiền. Nếu kh&ocirc;ng được đ&aacute;p ứng, người mua c&oacute; quyền kiện ra t&ograve;a &aacute;n để tuy&ecirc;n giao dịch đặt cọc v&ocirc; hiệu v&agrave; đ&ograve;i lại tiền.</p>\r\n<p class=\"Normal\">Luật sư&nbsp;<strong>Phạm Thanh Hữu</strong><br /><em>Đo&agrave;n luật sư TP HCM</em></p>\r\n</article>', 'https://images.theconversation.com/files/303104/original/file-20191122-74584-z49kcg.jpg?ixlib=rb-1.1.0&rect=0%2C1%2C995%2C664&q=45&auto=format&w=496&f', 0, 2, '2020-07-26', 8, 'Người mua nhà đất được quyền yêu cầu chủ nhà đất cho xem sổ đỏ để kiểm tra tính pháp lý của phần nhà', 0, NULL),
(47, 'Nhà mái tranh trên hồ nước của giám đốc Sài Gòn', '9', '<p class=\"Normal\">Chủ nh&agrave; cho biết, h&agrave;ng ng&agrave;y ảnh phải chịu nhiều &aacute;p lực c&ocirc;ng việc n&ecirc;n muốn c&oacute; nơi nghỉ ngơi an nhi&ecirc;n, tự tại.</p>\r\n<p class=\"Normal\">C&ocirc;ng tr&igrave;nh tổng diện t&iacute;ch s&agrave;n 184 m2, được thiết kế gồm năm khối chức năng bố tr&iacute; t&aacute;ch rời nhau, ph&acirc;n bố tự do b&ecirc;n dưới một m&aacute;i tranh lớn v&agrave; quanh một hồ nước diện t&iacute;ch 118 m2.</p>\r\n<p class=\"Normal\">Bố cục t&aacute;ch khối nhằm mục đ&iacute;ch tạo nhiều g&oacute;c nh&igrave;n đa dạng từ trong ra ngo&agrave;i v&agrave; ngược lại. N&oacute; cũng gi&uacute;p mọi kh&ocirc;ng gian đủ s&aacute;ng tự nhi&ecirc;n v&agrave; th&ocirc;ng tho&aacute;ng.</p>\r\n<p class=\"Normal\">Để l&agrave;m m&aacute;t cho c&ocirc;ng tr&igrave;nh, hệ m&aacute;i được l&agrave;m th&agrave;nh nhiều lớp. Tr&ecirc;n c&ugrave;ng l&agrave; m&aacute;i tranh, h&igrave;nh thức m&aacute;i đặc trưng của kiến tr&uacute;c khu vực Miền T&acirc;y Nam Bộ, tạo cảm gi&aacute;c th&acirc;n thuộc, gần gũi v&agrave; gi&uacute;p c&ocirc;ng tr&igrave;nh h&ograve;a m&igrave;nh v&agrave;o thi&ecirc;n nhi&ecirc;n. Tiếp đến l&agrave; hệ m&aacute;i t&ocirc;n chống nước. Dưới m&aacute;i t&ocirc;n l&agrave; khung th&eacute;p, tạo ra một khoảng kh&ocirc;ng kh&iacute; c&aacute;ch nhiệt v&agrave; cuối c&ugrave;ng l&agrave; trần ốp gỗ.</p>\r\n<p class=\"Normal\">Hệ m&aacute;i kết hợp vườn c&acirc;y, hồ nước tạo gi&oacute;, bố cục mặt bằng gi&uacute;p gia chủ kh&ocirc;ng cần d&ugrave;ng quạt</p>\r\n<figure class=\"tplCaption action_thumb_added\" data-size=\"true\">\r\n<div class=\"fig-picture\"><picture><source srcset=\"https://i1-giadinh.vnecdn.net/2020/07/24/02-cta-am-house-ex-22-15954948-6975-6072-1595562675.jpg?w=680&amp;h=0&amp;q=100&amp;dpr=1&amp;fit=crop&amp;s=qgqvM2lRsdg-9GSV8Uoppg 1x, https://i1-giadinh.vnecdn.net/2020/07/24/02-cta-am-house-ex-22-15954948-6975-6072-1595562675.jpg?w=1020&amp;h=0&amp;q=100&amp;dpr=1&amp;fit=crop&amp;s=lXV_y4ILl-KO1-mg-oqDdA 1.5x, https://i1-giadinh.vnecdn.net/2020/07/24/02-cta-am-house-ex-22-15954948-6975-6072-1595562675.jpg?w=680&amp;h=0&amp;q=100&amp;dpr=2&amp;fit=crop&amp;s=zcJjOQvs54rJPjW0SOPF7w 2x\" data-srcset=\"https://i1-giadinh.vnecdn.net/2020/07/24/02-cta-am-house-ex-22-15954948-6975-6072-1595562675.jpg?w=680&amp;h=0&amp;q=100&amp;dpr=1&amp;fit=crop&amp;s=qgqvM2lRsdg-9GSV8Uoppg 1x, https://i1-giadinh.vnecdn.net/2020/07/24/02-cta-am-house-ex-22-15954948-6975-6072-1595562675.jpg?w=1020&amp;h=0&amp;q=100&amp;dpr=1&amp;fit=crop&amp;s=lXV_y4ILl-KO1-mg-oqDdA 1.5x, https://i1-giadinh.vnecdn.net/2020/07/24/02-cta-am-house-ex-22-15954948-6975-6072-1595562675.jpg?w=680&amp;h=0&amp;q=100&amp;dpr=2&amp;fit=crop&amp;s=zcJjOQvs54rJPjW0SOPF7w 2x\" /><img class=\"lazy lazied\" src=\"https://i1-giadinh.vnecdn.net/2020/07/24/02-cta-am-house-ex-22-15954948-6975-6072-1595562675.jpg?w=680&amp;h=0&amp;q=100&amp;dpr=1&amp;fit=crop&amp;s=qgqvM2lRsdg-9GSV8Uoppg\" alt=\"Hệ m&aacute;i gồm nhiều lớp gi&uacute;p giải nhiệt cho ng&ocirc;i nh&agrave;. Ảnh: Hiroyuki Oki.\" loading=\"lazy\" data-src=\"https://i1-giadinh.vnecdn.net/2020/07/24/02-cta-am-house-ex-22-15954948-6975-6072-1595562675.jpg?w=680&amp;h=0&amp;q=100&amp;dpr=1&amp;fit=crop&amp;s=qgqvM2lRsdg-9GSV8Uoppg\" data-ll-status=\"loaded\" /></picture></div>\r\n<figcaption>\r\n<p class=\"Image\">Hệ m&aacute;i gồm nhiều lớp gi&uacute;p giải nhiệt cho ng&ocirc;i nh&agrave;. Ảnh:&nbsp;<em>Hiroyuki Oki.</em></p>\r\n</figcaption>\r\n</figure>\r\n<p class=\"Normal\">Tr&ecirc;n m&aacute;i, dọc theo suốt chiều d&agrave;i ng&ocirc;i nh&agrave; c&ograve;n c&oacute; khe lấy s&aacute;ng cho khu vực giữa nh&agrave;. Khe s&aacute;ng n&agrave;y cũng gi&uacute;p người ở cảm nhận chuyển động của mặt trời theo từng khoảnh khắc trong ng&agrave;y.</p>\r\n<p class=\"Normal\">Trong nh&agrave;, hệ trần gỗ v&agrave; s&agrave;n nh&agrave; được xử l&yacute; m&agrave;u c&ugrave;ng t&ocirc;ng với m&agrave;u tường b&ecirc; t&ocirc;ng v&acirc;n gỗ được đ&uacute;c thủ c&ocirc;ng tại c&ocirc;ng trường. S&agrave;n nh&agrave; kh&ocirc;ng sử dụng gạch l&aacute;t m&agrave; d&ugrave;ng b&ecirc; t&ocirc;ng m&agrave;i, vừa gi&uacute;p giảm chi ph&iacute; x&acirc;y dựng vừa để tạo cảm gi&aacute;c thư th&aacute;i dễ chịu khi bước đi.</p>\r\n<figure class=\"tplCaption action_thumb_added\" data-size=\"true\">\r\n<div class=\"action_thumb flexbox\">&nbsp;</div>\r\n<div class=\"fig-picture\"><picture><source srcset=\"https://i1-giadinh.vnecdn.net/2020/07/24/01-cta-am-house-in-6-6795-1595-3241-3609-1595562675.jpg?w=680&amp;h=0&amp;q=100&amp;dpr=1&amp;fit=crop&amp;s=NUw566UNn6oqdDSeGVtxJg 1x, https://i1-giadinh.vnecdn.net/2020/07/24/01-cta-am-house-in-6-6795-1595-3241-3609-1595562675.jpg?w=1020&amp;h=0&amp;q=100&amp;dpr=1&amp;fit=crop&amp;s=OsF7Ctk60XUWvoYkAOvBMA 1.5x, https://i1-giadinh.vnecdn.net/2020/07/24/01-cta-am-house-in-6-6795-1595-3241-3609-1595562675.jpg?w=680&amp;h=0&amp;q=100&amp;dpr=2&amp;fit=crop&amp;s=xuttt0RuNFpgodYt7c33BQ 2x\" data-srcset=\"https://i1-giadinh.vnecdn.net/2020/07/24/01-cta-am-house-in-6-6795-1595-3241-3', 'https://i1-giadinh.vnecdn.net/2020/07/24/02-cta-am-house-ex-3-159549483-9420-8098-1595562674.jpg?w=1020&h=0&q=100&dpr=1&fit=crop&s=rHYfryfo216IdAERBgK', 0, 2, '2020-07-26', 8, 'Ngôi nhà nằm trên khu đất rộng 3.500 m2 ở Cần Giuộc, giám đốc marketing của một tập đoàn lớn cho xây', 1, NULL),
(48, 'Hiểm họa khi trẻ em nổi tiếng trên mạng xã hội', '10', '<p class=\"Normal paywall-preview\">Andy Warhol đ&atilde; đ&uacute;ng, nhưng &ocirc;ng kh&ocirc;ng thể ngờ c&aacute;c ứng dụng mạng x&atilde; hội như TikTok ng&agrave;y nay c&oacute; thể biến những đứa trẻ th&agrave;nh ng&ocirc;i sao to&agrave;n cầu chỉ trong một c&aacute;i nh&aacute;y mắt.</p>\r\n<p class=\"Normal paywall-preview\">Charli D\'Amelio, người s&aacute;ng tạo nội dung số được theo d&otilde;i nhiều nhất tr&ecirc;n TikTok vừa tr&ograve;n 16 tuổi ng&agrave;y 1/5 vừa qua. Loren Gray, c&ocirc; g&aacute;i bị D\'Amelio so&aacute;n ng&ocirc;i cũng mới ăn sinh nhật thứ 18 v&agrave;o th&aacute;ng 4.</p>\r\n<p class=\"Normal paywall-preview\">Sự ra đời của c&aacute;c ứng dụng mạng x&atilde; hội như TikTok v&agrave; Instagram đem tới c&aacute;ch thức giao tiếp mới, nhưng ch&uacute;ng cũng thay đổi &yacute; nghĩa của sự nổi tiếng v&agrave; định h&igrave;nh lại con đường trở th&agrave;nh người nổi tiếng. C&oacute; lẽ điều dễ nhận ra nhất l&agrave; mỗi ng&agrave;y, trẻ em đều c&oacute; thể bước v&agrave;o con đường nổi tiếng m&agrave; kh&ocirc;ng biết điều g&igrave; đang chờ m&igrave;nh.</p>\r\n<p class=\"Normal paywall-preview\">\"Khả năng đ&aacute;nh gi&aacute; rủi ro, đưa ra những quyết định s&aacute;ng suốt l&agrave; những thứ h&igrave;nh th&agrave;nh dần dần theo thời gian\", tiến sĩ t&acirc;m l&yacute; Pamela Rutledge n&oacute;i. Theo b&agrave;, trước năm 25 tuổi, bộ n&atilde;o chưa thực sự ho&agrave;n thiện n&ecirc;n trải nghiệm sự nổi tiếng thời thiếu ni&ecirc;n khiến c&aacute;c \"ng&ocirc;i sao nh&iacute;\" kh&oacute; kiểm so&aacute;t thực tế.</p>\r\n<p class=\"Normal paywall-preview\">Ngay cả người trưởng th&agrave;nh cũng kh&ocirc;ng dễ g&igrave; th&iacute;ch nghi với cuộc sống nổi tiếng. Với những \"ng&ocirc;i sao nh&iacute;\" tr&ecirc;n mạng x&atilde; hội, t&igrave;nh h&igrave;nh c&agrave;ng phức tạp hơn, nhất l&agrave; khi c&oacute; tới h&agrave;ng triệu người trực tiếp theo d&otilde;i ch&uacute;ng h&agrave;ng ph&uacute;t</p>', 'https://i1-giadinh.vnecdn.net/2020/07/26/shutterstock-1676794699-9418-1595740503.jpg?w=1020&h=0&q=100&dpr=1&fit=crop&s=E5J_ito4eGlzRBOPh-9wtA', 0, 2, '2020-07-26', 8, 'Năm 1968, nghệ sĩ Mỹ Andy Warhol đã dự đoán rằng trong tương lai, \"bất cứ ai cũng có thể nổi tiếng k', 1, NULL),
(49, '11 thực phẩm tốt cho người chạy bộ', '12', '<p class=\"Normal\"><strong>1. Khoai lang</strong></p>\r\n<p class=\"Normal\">Khoai lang chứa nguồn carbohydrate cao - cung cấp nhiều beta-carotene v&agrave; kali th&uacute;c đẩy qu&aacute; tr&igrave;nh phục hồi. Ngo&agrave;i ra khoai lang chứa manga c&oacute; thể cải thiện hiệu suất chạy, gi&uacute;p cơ bắp khoẻ mạnh.</p>\r\n<p class=\"Normal\"><strong>2. Trứng</strong></p>\r\n<p class=\"Normal\">Trứng gi&agrave;u vitamin K cho xương chắc khoẻ. Ăn trứng tốt cho người tập luyện bởi khả năng tang cường cơ bắp v&agrave; phục hồi sau tập luyện nhanh ch&oacute;ng.</p>\r\n<p class=\"Normal\"><strong>3. Đỗ đen</strong></p>\r\n<p class=\"Normal\">Đỗ đen c&oacute; bộ ba gi&agrave;u chất cơ carbs, protein v&agrave; chất chống oxy. Carbs th&uacute;c đẩy qu&aacute; tr&igrave;nh chạy, trong khi protein v&agrave; chất chống oxy ho&aacute; th&uacute;c đẩy qu&aacute; tr&igrave;nh phục hồi cơ bắp</p>\r\n<p class=\"Normal\"><strong>4. C&aacute; hồi</strong></p>\r\n<p class=\"Normal\">C&aacute; hồi cung cấp chất b&eacute;o Omega-3 c&oacute; t&aacute;c dụng chống vi&ecirc;m v&agrave; th&uacute;c đẩy phục hồi thể trạng.</p>\r\n<p class=\"Normal\"><strong>5. Quả mọng</strong></p>\r\n<p class=\"Normal\">Lượng chất chống oxy ho&aacute; v&agrave; vitamin cao trong c&aacute;c loại quả mọng gi&uacute;p giảm đ&oacute;i hiệu quả sau khi luyện tập vất vả.</p>\r\n<p class=\"Normal\"><strong>6. Yogurt</strong></p>\r\n<p class=\"Normal\">Thời điểm nạp sữa chua tốt nhất l&agrave; sau khi chạy để đẩy nhanh qu&aacute; tr&igrave;nh phục hồi, bảo vệ cơ bắp.</p>\r\n<p class=\"Normal\"><strong>7. Chuối</strong></p>\r\n<p class=\"Normal\">Nếu bạn cần nguồn carbs dồi d&agrave;o k&eacute;o lại năng lượng cho buổi tập chạy chiều th&igrave; chuối l&agrave; lựa chọn hợp l&yacute;. Chuối chứa lượng kali cần thiết gi&uacute;p runner chạy đường d&agrave;i hoặc dưới thời tiết nắng n&oacute;ng, đổ nhiều mồ h&ocirc;i.</p>\r\n<p class=\"Normal\"><strong>8. Thịt b&ograve; nạc</strong></p>\r\n<p class=\"Normal\">Thiếu sắt đồng nghĩa kh&ocirc;ng c&oacute; năng lượng để chạy. H&atilde;y ăn thịt b&ograve; nạc, một trong những nguồn thực phẩm tốt nhất để cung cấp lượng sắt thiết yếu cho cơ thể.</p>\r\n<p class=\"Normal\"><strong>9. Bơ hạnh nh&acirc;n</strong></p>\r\n<p class=\"Normal\">Phết bơ hạnh nh&acirc;n l&ecirc;n b&aacute;nh mỳ nướng hoặc rau sống để c&oacute; sự kết hợp ho&agrave;n hảo của carb, protein v&agrave; chất b&eacute;o l&agrave;nh mạnh. Ngo&agrave;i ra, hạnh nh&acirc;n c&oacute; nhiều vitamin E - gi&uacute;p ngăn ngừa đau nhức cơ bắp.</p>\r\n<p class=\"Normal\"><strong>10. Hạt di&ecirc;m mạch</strong></p>\r\n<p class=\"Normal\">Hạt di&ecirc;m mạch gi&uacute;p ngăn ngừa c&aacute;c bệnh về tim mạch, cải thiện sức khoẻ hệ xương. Ngo&agrave;i ra, hạt di&ecirc;m mạch c&ograve;n chứa 8 axit amin cần thiết cho cơ thể.</p>\r\n<p class=\"Normal\"><strong>11. C&agrave; ph&ecirc;</strong></p>\r\n<p class=\"Normal\">Caffein gi&uacute;p tăng hiệu suất, độ bền v&agrave; khả năng phục hồi. Lưu &yacute;, h&atilde;y uống c&agrave; ph&ecirc; đen, kh&ocirc;ng th&ecirc;m đường hay sữa.</p>', 'https://i1-suckhoe.vnecdn.net/2020/07/21/food-8732-1595306169.jpg?w=1020&h=0&q=100&dpr=1&fit=crop&s=D5CwrIqIpunpWYKmaZ84xw', 0, 2, '2020-07-26', 8, 'Chế độ ăn uống khoa học và cân đối cho người chạy bộ nên bao gồm những chất thiết yếu: carbohydrates', 1, NULL);

-- --------------------------------------------------------

--
-- Cấu trúc bảng cho bảng `user`
--

CREATE TABLE `user` (
  `Name` varchar(50) COLLATE utf8_unicode_ci NOT NULL,
  `Password` varchar(100) COLLATE utf8_unicode_ci NOT NULL,
  `Permission` int(10) NOT NULL,
  `Dob` date NOT NULL,
  `ID` int(11) NOT NULL,
  `Email` varchar(50) COLLATE utf8_unicode_ci NOT NULL,
  `Username` varchar(50) COLLATE utf8_unicode_ci NOT NULL,
  `TimeRegister` varchar(20) COLLATE utf8_unicode_ci NOT NULL,
  `TimeActive` int(10) DEFAULT 7,
  `PenName` varchar(50) COLLATE utf8_unicode_ci DEFAULT NULL
) ENGINE=InnoDB DEFAULT CHARSET=utf8 COLLATE=utf8_unicode_ci;

--
-- Đang đổ dữ liệu cho bảng `user`
--

INSERT INTO `user` (`Name`, `Password`, `Permission`, `Dob`, `ID`, `Email`, `Username`, `TimeRegister`, `TimeActive`, `PenName`) VALUES
('admin', '$2a$08$2SCgsEerNMZDbMX7uqmWTuu.2akSrnGau6Ep/BNyrdA/YxQGK0AUu', 1, '2020-07-13', 3, 'vansangsks@gmail.com', 'admin', '1595599330236', 999999999, NULL),
('user', '$2a$08$jvG3z1H0hy167KifWOFGg.py.1Arwg6.fCDr1QCOX1gWbSdI6Ok.q', 0, '1999-11-10', 7, 'vansangsks01@gmail.com', 'user001', '1595735057630', 77777777, NULL),
('writer', '$2a$08$YsZwxMEFFnTl2rTeIQ6cAefYIjE0DADSLJ59MKSCVdcxwnn7UjZxu', 2, '2020-07-27', 8, 'writer@gmail.com', 'wt001', '1595635522619', 7777777, 'Firstt'),
('censor', '$2a$08$rHCRO5O5FtX10zu2e6djZumiij9K0Ap3dFvhxeGj5zNrwwSkOPIpe', 3, '2020-06-29', 9, 'censor@gmail.com', 'censor', '1595661070105', 7777777, NULL);

--
-- Chỉ mục cho các bảng đã đổ
--

--
-- Chỉ mục cho bảng `categories`
--
ALTER TABLE `categories`
  ADD PRIMARY KEY (`CatID`);

--
-- Chỉ mục cho bảng `comment`
--
ALTER TABLE `comment`
  ADD PRIMARY KEY (`CommentID`);

--
-- Chỉ mục cho bảng `division`
--
ALTER TABLE `division`
  ADD PRIMARY KEY (`ID`);

--
-- Chỉ mục cho bảng `field`
--
ALTER TABLE `field`
  ADD PRIMARY KEY (`FieldID`);

--
-- Chỉ mục cho bảng `posts`
--
ALTER TABLE `posts`
  ADD PRIMARY KEY (`PostID`);
ALTER TABLE `posts` ADD FULLTEXT KEY `Title` (`Title`,`Content`);

--
-- Chỉ mục cho bảng `user`
--
ALTER TABLE `user`
  ADD PRIMARY KEY (`ID`);

--
-- AUTO_INCREMENT cho các bảng đã đổ
--

--
-- AUTO_INCREMENT cho bảng `categories`
--
ALTER TABLE `categories`
  MODIFY `CatID` int(11) NOT NULL AUTO_INCREMENT, AUTO_INCREMENT=14;

--
-- AUTO_INCREMENT cho bảng `comment`
--
ALTER TABLE `comment`
  MODIFY `CommentID` int(11) NOT NULL AUTO_INCREMENT, AUTO_INCREMENT=19;

--
-- AUTO_INCREMENT cho bảng `division`
--
ALTER TABLE `division`
  MODIFY `ID` int(11) NOT NULL AUTO_INCREMENT, AUTO_INCREMENT=4;

--
-- AUTO_INCREMENT cho bảng `field`
--
ALTER TABLE `field`
  MODIFY `FieldID` int(10) UNSIGNED NOT NULL AUTO_INCREMENT, AUTO_INCREMENT=6;

--
-- AUTO_INCREMENT cho bảng `posts`
--
ALTER TABLE `posts`
  MODIFY `PostID` int(11) NOT NULL AUTO_INCREMENT, AUTO_INCREMENT=50;

--
-- AUTO_INCREMENT cho bảng `user`
--
ALTER TABLE `user`
  MODIFY `ID` int(11) NOT NULL AUTO_INCREMENT, AUTO_INCREMENT=12;
COMMIT;

/*!40101 SET CHARACTER_SET_CLIENT=@OLD_CHARACTER_SET_CLIENT */;
/*!40101 SET CHARACTER_SET_RESULTS=@OLD_CHARACTER_SET_RESULTS */;
/*!40101 SET COLLATION_CONNECTION=@OLD_COLLATION_CONNECTION */;
